;regiao;estado;municipio;coduf;codmun;codRegiaoSaude;nomeRegiaoSaude;data;semanaEpi;populacaoTCU2019;casosAcumulado;casosNovos;obitosAcumulado;obitosNovos;interior/metropolitana;Acumulados_100mil;ObitosAcumulados_100mil
2244;Sudeste;MG;Abadia dos Dourados;31;310010.0;31074.0;PATROCINIO / MONTE CARMELO;2021-02-25;8;6989.0;248;23;3;0;0.0;0.00248;3e-05
2245;Sudeste;MG;Abaeté;31;310020.0;31024.0;SETE LAGOAS;2021-02-25;8;23237.0;479;3;8;0;0.0;0.00479;8e-05
2246;Sudeste;MG;Abre Campo;31;310030.0;31059.0;MANHUACU;2021-02-25;8;13454.0;371;6;5;1;0.0;0.00371;5e-05
2247;Sudeste;MG;Acaiaca;31;310040.0;31060.0;PONTE NOVA;2021-02-25;8;3994.0;113;0;4;0;0.0;0.00113;4e-05
2248;Sudeste;MG;Açucena;31;310050.0;31037.0;IPATINGA;2021-02-25;8;9470.0;237;3;10;1;0.0;0.00237;0.0001
2249;Sudeste;MG;Água Boa;31;310060.0;31081.0;SANTA MARIA DO SUACUI;2021-02-25;8;13735.0;216;0;6;0;0.0;0.00216;6e-05
2250;Sudeste;MG;Água Comprida;31;310070.0;31072.0;UBERABA;2021-02-25;8;1999.0;42;1;0;0;0.0;0.00042;0.0
2251;Sudeste;MG;Aguanil;31;310080.0;31089.0;CAMPO BELO;2021-02-25;8;4486.0;252;2;7;0;0.0;0.00252;7e-05
2252;Sudeste;MG;Águas Formosas;31;310090.0;31062.0;AGUAS FORMOSAS;2021-02-25;8;19207.0;559;0;15;0;0.0;0.00559;0.00015
2253;Sudeste;MG;Águas Vermelhas;31;310100.0;31068.0;PEDRA AZUL;2021-02-25;8;13539.0;247;0;3;0;0.0;0.00247;3e-05
2254;Sudeste;MG;Aimorés;31;310110.0;31040.0;RESPLENDOR;2021-02-25;8;25167.0;1125;3;30;1;0.0;0.01125;0.0003
2255;Sudeste;MG;Aiuruoca;31;310120.0;31008.0;SAO LOURENCO;2021-02-25;8;6003.0;74;0;5;0;0.0;0.00074;5e-05
2256;Sudeste;MG;Alagoa;31;310130.0;31008.0;SAO LOURENCO;2021-02-25;8;2674.0;159;0;0;0;0.0;0.00159;0.0
2257;Sudeste;MG;Albertina;31;310140.0;31006.0;POCOS DE CALDAS;2021-02-25;8;3007.0;119;5;5;0;0.0;0.00119;5e-05
2258;Sudeste;MG;Além Paraíba;31;310150.0;31041.0;ALEM  PARAIBA;2021-02-25;8;35362.0;1647;0;57;0;0.0;0.01647;0.00057
2259;Sudeste;MG;Alfenas;31;310160.0;31001.0;ALFENAS / MACHADO;2021-02-25;8;79996.0;3982;18;94;0;0.0;0.03982;0.00094
2260;Sudeste;MG;Alfredo Vasconcelos;31;310163.0;31013.0;BARBACENA;2021-02-25;8;6907.0;142;0;5;0;0.0;0.00142;5e-05
2261;Sudeste;MG;Almenara;31;310170.0;31094.0;ALMENARA/JACINTO;2021-02-25;8;41896.0;2225;0;25;0;0.0;0.02225;0.00025
2262;Sudeste;MG;Alpercata;31;310180.0;31036.0;GOVERNADOR VALADARES;2021-02-25;8;7424.0;333;0;12;0;0.0;0.00333;0.00012
2263;Sudeste;MG;Alpinópolis;31;310190.0;31092.0;PASSOS;2021-02-25;8;19853.0;432;0;6;0;0.0;0.00432;6e-05
2264;Sudeste;MG;Alterosa;31;310200.0;31001.0;ALFENAS / MACHADO;2021-02-25;8;14466.0;462;2;23;1;0.0;0.00462;0.00023
2265;Sudeste;MG;Alto Caparaó;31;310205.0;31059.0;MANHUACU;2021-02-25;8;5847.0;257;0;7;0;0.0;0.00257;7e-05
2266;Sudeste;MG;Alto Rio Doce;31;310210.0;31013.0;BARBACENA;2021-02-25;8;11000.0;194;0;15;0;0.0;0.00194;0.00015
2267;Sudeste;MG;Alvarenga;31;310220.0;31040.0;RESPLENDOR;2021-02-25;8;3907.0;325;-4;3;0;0.0;0.00325;3e-05
2268;Sudeste;MG;Alvinópolis;31;310230.0;31060.0;PONTE NOVA;2021-02-25;8;15203.0;290;0;3;0;0.0;0.0029;3e-05
2269;Sudeste;MG;Alvorada de Minas;31;310240.0;31095.0;SERRO;2021-02-25;8;3606.0;141;3;1;0;0.0;0.00141;1e-05
2270;Sudeste;MG;Amparo do Serra;31;310250.0;31060.0;PONTE NOVA;2021-02-25;8;4713.0;78;0;3;0;0.0;0.00078;3e-05
2271;Sudeste;MG;Andradas;31;310260.0;31006.0;POCOS DE CALDAS;2021-02-25;8;41077.0;1409;62;32;0;0.0;0.01409;0.00032
2272;Sudeste;MG;Cachoeira de Pajeú;31;310270.0;31068.0;PEDRA AZUL;2021-02-25;8;9412.0;293;0;5;0;0.0;0.00293;5e-05
2273;Sudeste;MG;Andrelândia;31;310280.0;31090.0;LIMA DUARTE;2021-02-25;8;12224.0;188;1;3;0;0.0;0.00188;3e-05
2274;Sudeste;MG;Angelândia;31;310285.0;31099.0;TEOFILO OTONI / MALACACHETA;2021-02-25;8;8520.0;67;14;0;0;0.0;0.00067;0.0
2275;Sudeste;MG;Antônio Carlos;31;310290.0;31013.0;BARBACENA;2021-02-25;8;11445.0;322;0;6;0;0.0;0.00322;6e-05
2276;Sudeste;MG;Antônio Dias;31;310300.0;31035.0;CORONEL FABRICIANO/TIMOTEO;2021-02-25;8;9318.0;260;0;6;0;0.0;0.0026;6e-05
2277;Sudeste;MG;Antônio Prado de Minas;31;310310.0;31045.0;MURIAE;2021-02-25;8;1598.0;135;0;3;0;0.0;0.00135;3e-05
2278;Sudeste;MG;Araçaí;31;310320.0;31024.0;SETE LAGOAS;2021-02-25;8;2347.0;23;0;0;0;0.0;0.00023;0.0
2279;Sudeste;MG;Aracitaba;31;310330.0;31046.0;SANTOS DUMONT;2021-02-25;8;2063.0;68;0;5;0;0.0;0.00068;5e-05
2280;Sudeste;MG;Araçuaí;31;310340.0;31064.0;ARACUAI;2021-02-25;8;36708.0;567;1;16;0;0.0;0.00567;0.00016
2281;Sudeste;MG;Araguari;31;310350.0;31075.0;UBERLANDIA / ARAGUARI;2021-02-25;8;117267.0;8310;162;203;2;0.0;0.0831;0.00203
2282;Sudeste;MG;Arantina;31;310360.0;31090.0;LIMA DUARTE;2021-02-25;8;2795.0;51;1;2;0;0.0;0.00051;2e-05
2283;Sudeste;MG;Araponga;31;310370.0;31061.0;VICOSA;2021-02-25;8;8439.0;232;0;1;0;0.0;0.00232;1e-05
2284;Sudeste;MG;Araporã;31;310375.0;31075.0;UBERLANDIA / ARAGUARI;2021-02-25;8;6869.0;1161;0;14;2;0.0;0.01161;0.00014
2285;Sudeste;MG;Arapuá;31;310380.0;31082.0;SAO GOTARDO;2021-02-25;8;2834.0;77;0;1;0;0.0;0.00077;1e-05
2286;Sudeste;MG;Araújos;31;310390.0;31086.0;DIVINOPOLIS;2021-02-25;8;9273.0;339;0;2;0;0.0;0.00339;2e-05
2287;Sudeste;MG;Araxá;31;310400.0;31070.0;ARAXA;2021-02-25;8;106229.0;5586;152;62;4;0.0;0.05586;0.00062
2288;Sudeste;MG;Arceburgo;31;310410.0;31002.0;GUAXUPE;2021-02-25;8;10772.0;385;0;6;0;0.0;0.00385;6e-05
2289;Sudeste;MG;Arcos;31;310420.0;31087.0;LAGOA DA PRATA/STO ANT DO MONTE;2021-02-25;8;40092.0;2024;75;22;1;0.0;0.02024;0.00022
2290;Sudeste;MG;Areado;31;310430.0;31001.0;ALFENAS / MACHADO;2021-02-25;8;15070.0;384;2;8;0;0.0;0.00384;8e-05
2291;Sudeste;MG;Argirita;31;310440.0;31044.0;LEOPOLDINA / CATAGUASES;2021-02-25;8;2727.0;202;0;5;0;0.0;0.00202;5e-05
2292;Sudeste;MG;Aricanduva;31;310445.0;31027.0;TURMALINA/MINAS NOVAS/CAPELINHA;2021-02-25;8;5231.0;30;0;0;0;0.0;0.0003;0.0
2293;Sudeste;MG;Arinos;31;310450.0;31058.0;UNAI;2021-02-25;8;17875.0;179;0;5;1;0.0;0.00179;5e-05
2294;Sudeste;MG;Astolfo Dutra;31;310460.0;31044.0;LEOPOLDINA / CATAGUASES;2021-02-25;8;14179.0;796;3;13;0;0.0;0.00796;0.00013
2295;Sudeste;MG;Ataléia;31;310470.0;31099.0;TEOFILO OTONI / MALACACHETA;2021-02-25;8;12868.0;670;0;5;0;0.0;0.0067;5e-05
2296;Sudeste;MG;Augusto de Lima;31;310480.0;31019.0;CURVELO;2021-02-25;8;4869.0;123;0;4;0;0.0;0.00123;4e-05
2297;Sudeste;MG;Baependi;31;310490.0;31008.0;SAO LOURENCO;2021-02-25;8;19148.0;787;7;10;0;0.0;0.00787;0.0001
2298;Sudeste;MG;Baldim;31;310500.0;31024.0;SETE LAGOAS;2021-02-25;8;7826.0;271;2;6;0;1.0;0.00271;6e-05
2299;Sudeste;MG;Bambuí;31;310510.0;31030.0;FORMIGA;2021-02-25;8;23829.0;439;4;3;0;0.0;0.00439;3e-05
2300;Sudeste;MG;Bandeira;31;310520.0;31094.0;ALMENARA/JACINTO;2021-02-25;8;4795.0;405;0;8;0;0.0;0.00405;8e-05
2301;Sudeste;MG;Bandeira do Sul;31;310530.0;31001.0;ALFENAS / MACHADO;2021-02-25;8;5746.0;99;1;5;0;0.0;0.00099;5e-05
2302;Sudeste;MG;Barão de Cocais;31;310540.0;31021.0;ITABIRA;2021-02-25;8;32485.0;1547;55;14;0;0.0;0.01547;0.00014
2303;Sudeste;MG;Barão de Monte Alto;31;310550.0;31045.0;MURIAE;2021-02-25;8;5397.0;142;0;6;0;0.0;0.00142;6e-05
2304;Sudeste;MG;Barbacena;31;310560.0;31013.0;BARBACENA;2021-02-25;8;137313.0;3561;0;83;0;0.0;0.03561;0.00083
2305;Sudeste;MG;Barra Longa;31;310570.0;31060.0;PONTE NOVA;2021-02-25;8;5131.0;137;0;1;0;0.0;0.00137;1e-05
2306;Sudeste;MG;Barroso;31;310590.0;31015.0;SAO JOAO DEL REI;2021-02-25;8;20810.0;475;3;8;0;0.0;0.00475;8e-05
2307;Sudeste;MG;Bela Vista de Minas;31;310600.0;31023.0;JOAO MONLEVADE;2021-02-25;8;10255.0;372;0;9;0;0.0;0.00372;9e-05
2308;Sudeste;MG;Belmiro Braga;31;310610.0;31097.0;JUIZ DE FORA;2021-02-25;8;3429.0;117;0;3;0;0.0;0.00117;3e-05
2309;Sudeste;MG;Belo Horizonte;31;310620.0;31016.0;BELO HORIZONTE/ NOVA LIMA/ CAETE ;2021-02-25;8;2512070.0;107891;2366;2707;15;1.0;1.07891;0.02707
2310;Sudeste;MG;Belo Oriente;31;310630.0;31037.0;IPATINGA;2021-02-25;8;26700.0;1472;17;26;0;0.0;0.01472;0.00026
2311;Sudeste;MG;Belo Vale;31;310640.0;31016.0;BELO HORIZONTE/ NOVA LIMA/ CAETE ;2021-02-25;8;7715.0;289;0;6;0;0.0;0.00289;6e-05
2312;Sudeste;MG;Berilo;31;310650.0;31064.0;ARACUAI;2021-02-25;8;11932.0;10;0;0;0;0.0;0.0001;0.0
2313;Sudeste;MG;Bertópolis;31;310660.0;31062.0;AGUAS FORMOSAS;2021-02-25;8;4604.0;219;1;0;0;0.0;0.00219;0.0
2314;Sudeste;MG;Berizal;31;310665.0;31085.0;TAIOBEIRAS;2021-02-25;8;4735.0;67;0;0;0;0.0;0.00067;0.0
2315;Sudeste;MG;Betim;31;310670.0;31017.0;BETIM;2021-02-25;8;439340.0;17885;136;450;1;1.0;0.17885;0.0045
2316;Sudeste;MG;Bias Fortes;31;310680.0;31090.0;LIMA DUARTE;2021-02-25;8;3379.0;74;1;2;0;0.0;0.00074;2e-05
2317;Sudeste;MG;Bicas;31;310690.0;31047.0;SAO JOAO NEPOMUCENO / BICAS;2021-02-25;8;14494.0;554;12;17;0;0.0;0.00554;0.00017
2318;Sudeste;MG;Biquinhas;31;310700.0;31024.0;SETE LAGOAS;2021-02-25;8;2515.0;28;0;0;0;0.0;0.00028;0.0
2319;Sudeste;MG;Boa Esperança;31;310710.0;31011.0;TRES PONTAS;2021-02-25;8;40127.0;1178;48;35;1;0.0;0.01178;0.00035
2320;Sudeste;MG;Bocaina de Minas;31;310720.0;31090.0;LIMA DUARTE;2021-02-25;8;5090.0;71;0;2;0;0.0;0.00071;2e-05
2321;Sudeste;MG;Bocaiúva;31;310730.0;31083.0;BOCAIUVA;2021-02-25;8;49979.0;871;2;19;1;0.0;0.00871;0.00019
2322;Sudeste;MG;Bom Despacho;31;310740.0;31028.0;BOM DESPACHO;2021-02-25;8;50605.0;2015;11;38;1;0.0;0.02015;0.00038
2323;Sudeste;MG;Bom Jardim de Minas;31;310750.0;31090.0;LIMA DUARTE;2021-02-25;8;6474.0;124;0;1;0;0.0;0.00124;1e-05
2324;Sudeste;MG;Bom Jesus da Penha;31;310760.0;31092.0;PASSOS;2021-02-25;8;4217.0;179;1;2;0;0.0;0.00179;2e-05
2325;Sudeste;MG;Bom Jesus do Amparo;31;310770.0;31021.0;ITABIRA;2021-02-25;8;6083.0;97;0;3;0;0.0;0.00097;3e-05
2326;Sudeste;MG;Bom Jesus do Galho;31;310780.0;31034.0;CARATINGA;2021-02-25;8;14935.0;290;0;11;0;0.0;0.0029;0.00011
2327;Sudeste;MG;Bom Repouso;31;310790.0;31007.0;POUSO ALEGRE;2021-02-25;8;10547.0;298;2;8;0;0.0;0.00298;8e-05
2328;Sudeste;MG;Bom Sucesso;31;310800.0;31015.0;SAO JOAO DEL REI;2021-02-25;8;17603.0;218;1;4;0;0.0;0.00218;4e-05
2329;Sudeste;MG;Bonfim;31;310810.0;31017.0;BETIM;2021-02-25;8;6868.0;185;0;3;0;0.0;0.00185;3e-05
2330;Sudeste;MG;Bonfinópolis de Minas;31;310820.0;31058.0;UNAI;2021-02-25;8;5493.0;221;0;9;0;0.0;0.00221;9e-05
2331;Sudeste;MG;Bonito de Minas;31;310825.0;31053.0;JANUARIA;2021-02-25;8;11230.0;14;0;0;0;0.0;0.00014;0.0
2332;Sudeste;MG;Borda da Mata;31;310830.0;31007.0;POUSO ALEGRE;2021-02-25;8;19412.0;770;3;23;0;0.0;0.0077;0.00023
2333;Sudeste;MG;Botelhos;31;310840.0;31001.0;ALFENAS / MACHADO;2021-02-25;8;14971.0;374;1;4;0;0.0;0.00374;4e-05
2334;Sudeste;MG;Botumirim;31;310850.0;31051.0;FRANCISCO SA;2021-02-25;8;6319.0;102;0;1;0;0.0;0.00102;1e-05
2335;Sudeste;MG;Brasilândia de Minas;31;310855.0;31077.0;JOAO PINHEIRO;2021-02-25;8;16538.0;645;0;7;0;0.0;0.00645;7e-05
2336;Sudeste;MG;Brasília de Minas;31;310860.0;31049.0;BRASILIA DE MINAS/SAO FRANCISCO;2021-02-25;8;32347.0;504;1;5;0;0.0;0.00504;5e-05
2337;Sudeste;MG;Brás Pires;31;310870.0;31048.0;UBA;2021-02-25;8;4333.0;99;0;5;0;0.0;0.00099;5e-05
2338;Sudeste;MG;Braúnas;31;310880.0;31037.0;IPATINGA;2021-02-25;8;4801.0;93;1;3;0;0.0;0.00093;3e-05
2339;Sudeste;MG;Brazópolis;31;310890.0;31003.0;ITAJUBA;2021-02-25;8;14459.0;467;0;15;0;0.0;0.00467;0.00015
2340;Sudeste;MG;Brumadinho;31;310900.0;31017.0;BETIM;2021-02-25;8;40103.0;2124;3;30;0;1.0;0.02124;0.0003
2341;Sudeste;MG;Bueno Brandão;31;310910.0;31007.0;POUSO ALEGRE;2021-02-25;8;11001.0;283;5;7;0;0.0;0.00283;7e-05
2342;Sudeste;MG;Buenópolis;31;310920.0;31019.0;CURVELO;2021-02-25;8;10365.0;150;0;5;0;0.0;0.0015;5e-05
2343;Sudeste;MG;Bugre;31;310925.0;31037.0;IPATINGA;2021-02-25;8;3982.0;286;0;9;0;0.0;0.00286;9e-05
2344;Sudeste;MG;Buritis;31;310930.0;31058.0;UNAI;2021-02-25;8;24841.0;689;3;9;1;0.0;0.00689;9e-05
2345;Sudeste;MG;Buritizeiro;31;310940.0;31055.0;PIRAPORA;2021-02-25;8;28056.0;570;0;16;0;0.0;0.0057;0.00016
2346;Sudeste;MG;Cabeceira Grande;31;310945.0;31058.0;UNAI;2021-02-25;8;6949.0;127;1;3;0;0.0;0.00127;3e-05
2347;Sudeste;MG;Cabo Verde;31;310950.0;31002.0;GUAXUPE;2021-02-25;8;14075.0;249;7;5;2;0.0;0.00249;5e-05
2348;Sudeste;MG;Cachoeira da Prata;31;310960.0;31024.0;SETE LAGOAS;2021-02-25;8;3603.0;170;0;2;0;0.0;0.0017;2e-05
2349;Sudeste;MG;Cachoeira de Minas;31;310970.0;31007.0;POUSO ALEGRE;2021-02-25;8;11547.0;371;4;4;0;0.0;0.00371;4e-05
2350;Sudeste;MG;Cachoeira Dourada;31;310980.0;31073.0;ITUIUTABA;2021-02-25;8;2692.0;106;5;0;0;0.0;0.00106;0.0
2351;Sudeste;MG;Caetanópolis;31;310990.0;31024.0;SETE LAGOAS;2021-02-25;8;11624.0;542;5;4;0;0.0;0.00542;4e-05
2352;Sudeste;MG;Caeté;31;311000.0;31016.0;BELO HORIZONTE/ NOVA LIMA/ CAETE ;2021-02-25;8;44718.0;990;0;32;0;1.0;0.0099;0.00032
2353;Sudeste;MG;Caiana;31;311010.0;31042.0;CARANGOLA;2021-02-25;8;5496.0;85;0;2;0;0.0;0.00085;2e-05
2354;Sudeste;MG;Cajuri;31;311020.0;31061.0;VICOSA;2021-02-25;8;3987.0;180;0;1;0;0.0;0.0018;1e-05
2355;Sudeste;MG;Caldas;31;311030.0;31006.0;POCOS DE CALDAS;2021-02-25;8;14480.0;391;6;12;0;0.0;0.00391;0.00012
2356;Sudeste;MG;Camacho;31;311040.0;31089.0;CAMPO BELO;2021-02-25;8;2901.0;46;0;1;0;0.0;0.00046;1e-05
2357;Sudeste;MG;Camanducaia;31;311050.0;31007.0;POUSO ALEGRE;2021-02-25;8;21770.0;1674;0;20;0;0.0;0.01674;0.0002
2358;Sudeste;MG;Cambuí;31;311060.0;31007.0;POUSO ALEGRE;2021-02-25;8;29551.0;1401;3;18;0;0.0;0.01401;0.00018
2359;Sudeste;MG;Cambuquira;31;311070.0;31010.0;TRES CORACOES;2021-02-25;8;12814.0;191;1;7;0;0.0;0.00191;7e-05
2360;Sudeste;MG;Campanário;31;311080.0;31096.0;ITAMBACURI;2021-02-25;8;3721.0;85;1;0;0;0.0;0.00085;0.0
2361;Sudeste;MG;Campanha;31;311090.0;31010.0;TRES CORACOES;2021-02-25;8;16665.0;782;8;13;0;0.0;0.00782;0.00013
2362;Sudeste;MG;Campestre;31;311100.0;31001.0;ALFENAS / MACHADO;2021-02-25;8;21055.0;570;1;7;0;0.0;0.0057;7e-05
2363;Sudeste;MG;Campina Verde;31;311110.0;31073.0;ITUIUTABA;2021-02-25;8;19745.0;339;7;14;0;0.0;0.00339;0.00014
2364;Sudeste;MG;Campo Azul;31;311115.0;31049.0;BRASILIA DE MINAS/SAO FRANCISCO;2021-02-25;8;3817.0;52;0;0;0;0.0;0.00052;0.0
2365;Sudeste;MG;Campo Belo;31;311120.0;31089.0;CAMPO BELO;2021-02-25;8;54029.0;2315;0;54;1;0.0;0.02315;0.00054
2366;Sudeste;MG;Campo do Meio;31;311130.0;31001.0;ALFENAS / MACHADO;2021-02-25;8;11655.0;283;0;4;0;0.0;0.00283;4e-05
2367;Sudeste;MG;Campo Florido;31;311140.0;31072.0;UBERABA;2021-02-25;8;8151.0;337;3;1;0;0.0;0.00337;1e-05
2368;Sudeste;MG;Campos Altos;31;311150.0;31070.0;ARAXA;2021-02-25;8;15461.0;443;1;8;0;0.0;0.00443;8e-05
2369;Sudeste;MG;Campos Gerais;31;311160.0;31001.0;ALFENAS / MACHADO;2021-02-25;8;28774.0;535;3;10;0;0.0;0.00535;0.0001
2370;Sudeste;MG;Canaã;31;311170.0;31061.0;VICOSA;2021-02-25;8;4563.0;101;2;1;0;0.0;0.00101;1e-05
2371;Sudeste;MG;Canápolis;31;311180.0;31073.0;ITUIUTABA;2021-02-25;8;12150.0;584;5;12;0;0.0;0.00584;0.00012
2372;Sudeste;MG;Cana Verde;31;311190.0;31089.0;CAMPO BELO;2021-02-25;8;5603.0;160;1;2;0;0.0;0.0016;2e-05
2373;Sudeste;MG;Candeias;31;311200.0;31089.0;CAMPO BELO;2021-02-25;8;14886.0;237;1;3;0;0.0;0.00237;3e-05
2374;Sudeste;MG;Cantagalo;31;311205.0;31080.0;PECANHA/SAO JOAO EVANGELISTA;2021-02-25;8;4525.0;108;0;1;0;0.0;0.00108;1e-05
2375;Sudeste;MG;Caparaó;31;311210.0;31042.0;CARANGOLA;2021-02-25;8;5438.0;282;0;3;0;0.0;0.00282;3e-05
2376;Sudeste;MG;Capela Nova;31;311220.0;31013.0;BARBACENA;2021-02-25;8;4653.0;57;2;2;0;0.0;0.00057;2e-05
2377;Sudeste;MG;Capelinha;31;311230.0;31027.0;TURMALINA/MINAS NOVAS/CAPELINHA;2021-02-25;8;37784.0;852;19;9;1;0.0;0.00852;9e-05
2378;Sudeste;MG;Capetinga;31;311240.0;31091.0;CASSIA;2021-02-25;8;6920.0;293;0;4;0;0.0;0.00293;4e-05
2379;Sudeste;MG;Capim Branco;31;311250.0;31024.0;SETE LAGOAS;2021-02-25;8;9754.0;231;4;4;0;1.0;0.00231;4e-05
2380;Sudeste;MG;Capinópolis;31;311260.0;31073.0;ITUIUTABA;2021-02-25;8;16173.0;1086;12;19;2;0.0;0.01086;0.00019
2381;Sudeste;MG;Capitão Andrade;31;311265.0;31036.0;GOVERNADOR VALADARES;2021-02-25;8;5468.0;191;0;11;0;0.0;0.00191;0.00011
2382;Sudeste;MG;Capitão Enéas;31;311270.0;31051.0;FRANCISCO SA;2021-02-25;8;15234.0;235;0;6;0;0.0;0.00235;6e-05
2383;Sudeste;MG;Capitólio;31;311280.0;31093.0;PIUMHI;2021-02-25;8;8632.0;387;0;12;0;0.0;0.00387;0.00012
2384;Sudeste;MG;Caputira;31;311290.0;31059.0;MANHUACU;2021-02-25;8;9298.0;300;1;7;1;0.0;0.003;7e-05
2385;Sudeste;MG;Caraí;31;311300.0;31067.0;PADRE PARAISO;2021-02-25;8;23685.0;616;4;10;0;0.0;0.00616;0.0001
2386;Sudeste;MG;Caranaíba;31;311310.0;31079.0;CONSELHEIRO LAFAIETE;2021-02-25;8;3183.0;23;0;2;0;0.0;0.00023;2e-05
2387;Sudeste;MG;Carandaí;31;311320.0;31013.0;BARBACENA;2021-02-25;8;25501.0;609;9;8;1;0.0;0.00609;8e-05
2388;Sudeste;MG;Carangola;31;311330.0;31042.0;CARANGOLA;2021-02-25;8;33000.0;1758;0;44;0;0.0;0.01758;0.00044
2389;Sudeste;MG;Caratinga;31;311340.0;31034.0;CARATINGA;2021-02-25;8;92062.0;4778;18;158;1;0.0;0.04778;0.00158
2390;Sudeste;MG;Carbonita;31;311350.0;31026.0;DIAMANTINA;2021-02-25;8;9405.0;64;3;0;0;0.0;0.00064;0.0
2391;Sudeste;MG;Careaçu;31;311360.0;31007.0;POUSO ALEGRE;2021-02-25;8;6757.0;251;0;6;0;0.0;0.00251;6e-05
2392;Sudeste;MG;Carlos Chagas;31;311370.0;31066.0;NANUQUE;2021-02-25;8;18837.0;1141;17;8;0;0.0;0.01141;8e-05
2393;Sudeste;MG;Carmésia;31;311380.0;31020.0;GUANHAES;2021-02-25;8;2632.0;65;0;0;0;0.0;0.00065;0.0
2394;Sudeste;MG;Carmo da Cachoeira;31;311390.0;31010.0;TRES CORACOES;2021-02-25;8;12170.0;178;1;3;1;0.0;0.00178;3e-05
2395;Sudeste;MG;Carmo da Mata;31;311400.0;31088.0;OLIVEIRA/SANTO ANTONIO DO AMPARO;2021-02-25;8;11476.0;270;5;4;0;0.0;0.0027;4e-05
2396;Sudeste;MG;Carmo de Minas;31;311410.0;31008.0;SAO LOURENCO;2021-02-25;8;14859.0;340;2;4;0;0.0;0.0034;4e-05
2397;Sudeste;MG;Carmo do Cajuru;31;311420.0;31086.0;DIVINOPOLIS;2021-02-25;8;22478.0;326;0;9;0;0.0;0.00326;9e-05
2398;Sudeste;MG;Carmo do Paranaíba;31;311430.0;31082.0;SAO GOTARDO;2021-02-25;8;30329.0;1193;122;23;0;0.0;0.01193;0.00023
2399;Sudeste;MG;Carmo do Rio Claro;31;311440.0;31092.0;PASSOS;2021-02-25;8;21225.0;395;2;14;1;0.0;0.00395;0.00014
2400;Sudeste;MG;Carmópolis de Minas;31;311450.0;31088.0;OLIVEIRA/SANTO ANTONIO DO AMPARO;2021-02-25;8;19355.0;766;0;16;1;0.0;0.00766;0.00016
2401;Sudeste;MG;Carneirinho;31;311455.0;31071.0;FRUTAL / ITURAMA;2021-02-25;8;10027.0;360;4;4;0;0.0;0.0036;4e-05
2402;Sudeste;MG;Carrancas;31;311460.0;31004.0;LAVRAS;2021-02-25;8;4047.0;109;0;2;0;0.0;0.00109;2e-05
2403;Sudeste;MG;Carvalhópolis;31;311470.0;31001.0;ALFENAS / MACHADO;2021-02-25;8;3579.0;62;0;2;0;0.0;0.00062;2e-05
2404;Sudeste;MG;Carvalhos;31;311480.0;31008.0;SAO LOURENCO;2021-02-25;8;4478.0;67;0;0;0;0.0;0.00067;0.0
2405;Sudeste;MG;Casa Grande;31;311490.0;31079.0;CONSELHEIRO LAFAIETE;2021-02-25;8;2257.0;24;0;1;0;0.0;0.00024;1e-05
2406;Sudeste;MG;Cascalho Rico;31;311500.0;31075.0;UBERLANDIA / ARAGUARI;2021-02-25;8;3075.0;36;3;1;0;0.0;0.00036;1e-05
2407;Sudeste;MG;Cássia;31;311510.0;31091.0;CASSIA;2021-02-25;8;17740.0;552;1;10;1;0.0;0.00552;0.0001
2408;Sudeste;MG;Conceição da Barra de Minas;31;311520.0;31015.0;SAO JOAO DEL REI;2021-02-25;8;3954.0;112;0;2;0;0.0;0.00112;2e-05
2409;Sudeste;MG;Cataguases;31;311530.0;31044.0;LEOPOLDINA / CATAGUASES;2021-02-25;8;75123.0;2903;5;74;0;0.0;0.02903;0.00074
2410;Sudeste;MG;Catas Altas;31;311535.0;31021.0;ITABIRA;2021-02-25;8;5376.0;177;6;2;0;0.0;0.00177;2e-05
2411;Sudeste;MG;Catas Altas da Noruega;31;311540.0;31079.0;CONSELHEIRO LAFAIETE;2021-02-25;8;3641.0;35;0;2;0;0.0;0.00035;2e-05
2412;Sudeste;MG;Catuji;31;311545.0;31067.0;PADRE PARAISO;2021-02-25;8;6311.0;380;0;1;0;0.0;0.0038;1e-05
2413;Sudeste;MG;Catuti;31;311547.0;31052.0;JANAUBA/MONTE AZUL;2021-02-25;8;4986.0;80;0;2;0;0.0;0.0008;2e-05
2414;Sudeste;MG;Caxambu;31;311550.0;31008.0;SAO LOURENCO;2021-02-25;8;21656.0;594;7;7;0;0.0;0.00594;7e-05
2415;Sudeste;MG;Cedro do Abaeté;31;311560.0;31024.0;SETE LAGOAS;2021-02-25;8;1164.0;8;0;0;0;0.0;8e-05;0.0
2416;Sudeste;MG;Central de Minas;31;311570.0;31038.0;MANTENA;2021-02-25;8;7032.0;267;0;8;0;0.0;0.00267;8e-05
2417;Sudeste;MG;Centralina;31;311580.0;31073.0;ITUIUTABA;2021-02-25;8;10350.0;392;8;7;0;0.0;0.00392;7e-05
2418;Sudeste;MG;Chácara;31;311590.0;31097.0;JUIZ DE FORA;2021-02-25;8;3154.0;110;7;2;0;0.0;0.0011;2e-05
2419;Sudeste;MG;Chalé;31;311600.0;31059.0;MANHUACU;2021-02-25;8;5704.0;418;4;7;0;0.0;0.00418;7e-05
2420;Sudeste;MG;Chapada do Norte;31;311610.0;31027.0;TURMALINA/MINAS NOVAS/CAPELINHA;2021-02-25;8;15356.0;30;1;1;0;0.0;0.0003;1e-05
2421;Sudeste;MG;Chapada Gaúcha;31;311615.0;31058.0;UNAI;2021-02-25;8;13680.0;180;2;1;0;0.0;0.0018;1e-05
2422;Sudeste;MG;Chiador;31;311620.0;31097.0;JUIZ DE FORA;2021-02-25;8;2687.0;152;1;3;0;0.0;0.00152;3e-05
2423;Sudeste;MG;Cipotânea;31;311630.0;31013.0;BARBACENA;2021-02-25;8;6787.0;100;0;7;0;0.0;0.001;7e-05
2424;Sudeste;MG;Claraval;31;311640.0;31091.0;CASSIA;2021-02-25;8;4843.0;152;0;1;0;0.0;0.00152;1e-05
2425;Sudeste;MG;Claro dos Poções;31;311650.0;31084.0;MONTES CLAROS;2021-02-25;8;7551.0;188;0;3;0;0.0;0.00188;3e-05
2426;Sudeste;MG;Cláudio;31;311660.0;31086.0;DIVINOPOLIS;2021-02-25;8;28617.0;1337;37;17;1;0.0;0.01337;0.00017
2427;Sudeste;MG;Coimbra;31;311670.0;31048.0;UBA;2021-02-25;8;7556.0;250;0;4;0;0.0;0.0025;4e-05
2428;Sudeste;MG;Coluna;31;311680.0;31026.0;DIAMANTINA;2021-02-25;8;8873.0;241;0;3;0;0.0;0.00241;3e-05
2429;Sudeste;MG;Comendador Gomes;31;311690.0;31071.0;FRUTAL / ITURAMA;2021-02-25;8;3111.0;224;0;2;0;0.0;0.00224;2e-05
2430;Sudeste;MG;Comercinho;31;311700.0;31065.0;ITAOBIM;2021-02-25;8;6929.0;58;0;2;0;0.0;0.00058;2e-05
2431;Sudeste;MG;Conceição da Aparecida;31;311710.0;31001.0;ALFENAS / MACHADO;2021-02-25;8;10292.0;251;1;4;0;0.0;0.00251;4e-05
2432;Sudeste;MG;Conceição das Pedras;31;311720.0;31003.0;ITAJUBA;2021-02-25;8;2812.0;74;0;1;0;0.0;0.00074;1e-05
2433;Sudeste;MG;Conceição das Alagoas;31;311730.0;31072.0;UBERABA;2021-02-25;8;27893.0;1542;32;33;0;0.0;0.01542;0.00033
2434;Sudeste;MG;Conceição de Ipanema;31;311740.0;31059.0;MANHUACU;2021-02-25;8;4574.0;222;2;2;0;0.0;0.00222;2e-05
2435;Sudeste;MG;Conceição do Mato Dentro;31;311750.0;31095.0;SERRO;2021-02-25;8;17842.0;1570;14;5;0;0.0;0.0157;5e-05
2436;Sudeste;MG;Conceição do Pará;31;311760.0;31032.0;PARA DE MINAS;2021-02-25;8;5507.0;116;0;6;1;0.0;0.00116;6e-05
2437;Sudeste;MG;Conceição do Rio Verde;31;311770.0;31008.0;SAO LOURENCO;2021-02-25;8;13638.0;259;0;3;0;0.0;0.00259;3e-05
2438;Sudeste;MG;Conceição dos Ouros;31;311780.0;31007.0;POUSO ALEGRE;2021-02-25;8;11638.0;353;17;8;0;0.0;0.00353;8e-05
2439;Sudeste;MG;Cônego Marinho;31;311783.0;31053.0;JANUARIA;2021-02-25;8;7642.0;63;0;1;0;0.0;0.00063;1e-05
2440;Sudeste;MG;Confins;31;311787.0;31025.0;VESPASIANO;2021-02-25;8;6730.0;271;0;4;0;1.0;0.00271;4e-05
2441;Sudeste;MG;Congonhal;31;311790.0;31007.0;POUSO ALEGRE;2021-02-25;8;11950.0;460;3;9;1;0.0;0.0046;9e-05
2442;Sudeste;MG;Congonhas;31;311800.0;31078.0;CONGONHAS;2021-02-25;8;54762.0;4097;13;32;0;0.0;0.04097;0.00032
2443;Sudeste;MG;Congonhas do Norte;31;311810.0;31026.0;DIAMANTINA;2021-02-25;8;5045.0;72;0;0;0;0.0;0.00072;0.0
2444;Sudeste;MG;Conquista;31;311820.0;31072.0;UBERABA;2021-02-25;8;6939.0;255;0;5;0;0.0;0.00255;5e-05
2445;Sudeste;MG;Conselheiro Lafaiete;31;311830.0;31079.0;CONSELHEIRO LAFAIETE;2021-02-25;8;128589.0;5212;29;48;0;0.0;0.05212;0.00048
2446;Sudeste;MG;Conselheiro Pena;31;311840.0;31040.0;RESPLENDOR;2021-02-25;8;22921.0;758;6;15;0;0.0;0.00758;0.00015
2447;Sudeste;MG;Consolação;31;311850.0;31003.0;ITAJUBA;2021-02-25;8;1783.0;27;0;1;0;0.0;0.00027;1e-05
2448;Sudeste;MG;Contagem;31;311860.0;31018.0;CONTAGEM;2021-02-25;8;663855.0;19611;110;721;4;1.0;0.19611;0.00721
2449;Sudeste;MG;Coqueiral;31;311870.0;31011.0;TRES PONTAS;2021-02-25;8;9159.0;364;1;9;0;0.0;0.00364;9e-05
2450;Sudeste;MG;Coração de Jesus;31;311880.0;31050.0;CORACAO DE JESUS;2021-02-25;8;26602.0;260;0;3;0;0.0;0.0026;3e-05
2451;Sudeste;MG;Cordisburgo;31;311890.0;31024.0;SETE LAGOAS;2021-02-25;8;8890.0;186;0;3;0;0.0;0.00186;3e-05
2452;Sudeste;MG;Cordislândia;31;311900.0;31012.0;VARGINHA;2021-02-25;8;3538.0;82;0;1;0;0.0;0.00082;1e-05
2453;Sudeste;MG;Corinto;31;311910.0;31019.0;CURVELO;2021-02-25;8;23731.0;683;5;18;0;0.0;0.00683;0.00018
2454;Sudeste;MG;Coroaci;31;311920.0;31036.0;GOVERNADOR VALADARES;2021-02-25;8;9991.0;261;0;4;0;0.0;0.00261;4e-05
2455;Sudeste;MG;Coromandel;31;311930.0;31074.0;PATROCINIO / MONTE CARMELO;2021-02-25;8;27974.0;1440;50;42;2;0.0;0.0144;0.00042
2456;Sudeste;MG;Coronel Fabriciano;31;311940.0;31035.0;CORONEL FABRICIANO/TIMOTEO;2021-02-25;8;109855.0;8117;90;167;0;0.0;0.08117;0.00167
2457;Sudeste;MG;Coronel Murta;31;311950.0;31064.0;ARACUAI;2021-02-25;8;9222.0;85;0;2;0;0.0;0.00085;2e-05
2458;Sudeste;MG;Coronel Pacheco;31;311960.0;31097.0;JUIZ DE FORA;2021-02-25;8;3086.0;107;0;5;0;0.0;0.00107;5e-05
2459;Sudeste;MG;Coronel Xavier Chaves;31;311970.0;31015.0;SAO JOAO DEL REI;2021-02-25;8;3434.0;122;0;1;0;0.0;0.00122;1e-05
2460;Sudeste;MG;Córrego Danta;31;311980.0;31030.0;FORMIGA;2021-02-25;8;3215.0;15;0;0;0;0.0;0.00015;0.0
2461;Sudeste;MG;Córrego do Bom Jesus;31;311990.0;31007.0;POUSO ALEGRE;2021-02-25;8;3704.0;156;0;5;0;0.0;0.00156;5e-05
2462;Sudeste;MG;Córrego Fundo;31;311995.0;31030.0;FORMIGA;2021-02-25;8;6337.0;237;9;1;0;0.0;0.00237;1e-05
2463;Sudeste;MG;Córrego Novo;31;312000.0;31035.0;CORONEL FABRICIANO/TIMOTEO;2021-02-25;8;2771.0;115;0;5;0;0.0;0.00115;5e-05
2464;Sudeste;MG;Couto de Magalhães de Minas;31;312010.0;31026.0;DIAMANTINA;2021-02-25;8;4410.0;30;1;0;0;0.0;0.0003;0.0
2465;Sudeste;MG;Crisólita;31;312015.0;31062.0;AGUAS FORMOSAS;2021-02-25;8;6704.0;100;3;2;0;0.0;0.001;2e-05
2466;Sudeste;MG;Cristais;31;312020.0;31089.0;CAMPO BELO;2021-02-25;8;12798.0;368;4;5;0;0.0;0.00368;5e-05
2467;Sudeste;MG;Cristália;31;312030.0;31051.0;FRANCISCO SA;2021-02-25;8;5971.0;136;4;0;0;0.0;0.00136;0.0
2468;Sudeste;MG;Cristiano Otoni;31;312040.0;31079.0;CONSELHEIRO LAFAIETE;2021-02-25;8;5150.0;114;0;3;0;0.0;0.00114;3e-05
2469;Sudeste;MG;Cristina;31;312050.0;31008.0;SAO LOURENCO;2021-02-25;8;10242.0;164;3;2;0;0.0;0.00164;2e-05
2470;Sudeste;MG;Crucilândia;31;312060.0;31017.0;BETIM;2021-02-25;8;5034.0;168;0;3;0;0.0;0.00168;3e-05
2471;Sudeste;MG;Cruzeiro da Fortaleza;31;312070.0;31057.0;PATOS DE MINAS;2021-02-25;8;3626.0;148;3;2;0;0.0;0.00148;2e-05
2472;Sudeste;MG;Cruzília;31;312080.0;31008.0;SAO LOURENCO;2021-02-25;8;15417.0;391;4;11;0;0.0;0.00391;0.00011
2473;Sudeste;MG;Cuparaque;31;312083.0;31040.0;RESPLENDOR;2021-02-25;8;4982.0;207;0;3;0;0.0;0.00207;3e-05
2474;Sudeste;MG;Curral de Dentro;31;312087.0;31085.0;TAIOBEIRAS;2021-02-25;8;7729.0;306;7;2;0;0.0;0.00306;2e-05
2475;Sudeste;MG;Curvelo;31;312090.0;31019.0;CURVELO;2021-02-25;8;80129.0;2188;8;72;0;0.0;0.02188;0.00072
2476;Sudeste;MG;Datas;31;312100.0;31026.0;DIAMANTINA;2021-02-25;8;5410.0;136;0;3;0;0.0;0.00136;3e-05
2477;Sudeste;MG;Delfim Moreira;31;312110.0;31003.0;ITAJUBA;2021-02-25;8;8025.0;185;0;5;0;0.0;0.00185;5e-05
2478;Sudeste;MG;Delfinópolis;31;312120.0;31091.0;CASSIA;2021-02-25;8;7114.0;132;2;1;0;0.0;0.00132;1e-05
2479;Sudeste;MG;Delta;31;312125.0;31072.0;UBERABA;2021-02-25;8;10533.0;570;0;6;0;0.0;0.0057;6e-05
2480;Sudeste;MG;Descoberto;31;312130.0;31047.0;SAO JOAO NEPOMUCENO / BICAS;2021-02-25;8;5013.0;280;0;4;0;0.0;0.0028;4e-05
2481;Sudeste;MG;Desterro de Entre Rios;31;312140.0;31078.0;CONGONHAS;2021-02-25;8;7243.0;200;0;5;0;0.0;0.002;5e-05
2482;Sudeste;MG;Desterro do Melo;31;312150.0;31013.0;BARBACENA;2021-02-25;8;2901.0;57;0;0;0;0.0;0.00057;0.0
2483;Sudeste;MG;Diamantina;31;312160.0;31026.0;DIAMANTINA;2021-02-25;8;47723.0;992;35;10;0;0.0;0.00992;0.0001
2484;Sudeste;MG;Diogo de Vasconcelos;31;312170.0;31060.0;PONTE NOVA;2021-02-25;8;3802.0;41;0;0;-1;0.0;0.00041;0.0
2485;Sudeste;MG;Dionísio;31;312180.0;31035.0;CORONEL FABRICIANO/TIMOTEO;2021-02-25;8;7729.0;248;0;6;0;0.0;0.00248;6e-05
2486;Sudeste;MG;Divinésia;31;312190.0;31048.0;UBA;2021-02-25;8;3417.0;139;0;5;0;0.0;0.00139;5e-05
2487;Sudeste;MG;Divino;31;312200.0;31042.0;CARANGOLA;2021-02-25;8;19931.0;444;4;12;0;0.0;0.00444;0.00012
2488;Sudeste;MG;Divino das Laranjeiras;31;312210.0;31038.0;MANTENA;2021-02-25;8;4979.0;185;0;2;0;0.0;0.00185;2e-05
2489;Sudeste;MG;Divinolândia de Minas;31;312220.0;31036.0;GOVERNADOR VALADARES;2021-02-25;8;7571.0;106;0;0;0;0.0;0.00106;0.0
2490;Sudeste;MG;Divinópolis;31;312230.0;31086.0;DIVINOPOLIS;2021-02-25;8;238230.0;6824;145;159;2;0.0;0.06824;0.00159
2491;Sudeste;MG;Divisa Alegre;31;312235.0;31068.0;PEDRA AZUL;2021-02-25;8;6786.0;178;0;6;0;0.0;0.00178;6e-05
2492;Sudeste;MG;Divisa Nova;31;312240.0;31001.0;ALFENAS / MACHADO;2021-02-25;8;6011.0;246;3;8;0;0.0;0.00246;8e-05
2493;Sudeste;MG;Divisópolis;31;312245.0;31068.0;PEDRA AZUL;2021-02-25;8;11019.0;251;0;3;0;0.0;0.00251;3e-05
2494;Sudeste;MG;Dom Bosco;31;312247.0;31058.0;UNAI;2021-02-25;8;3677.0;141;0;4;0;0.0;0.00141;4e-05
2495;Sudeste;MG;Dom Cavati;31;312250.0;31037.0;IPATINGA;2021-02-25;8;5072.0;317;0;9;0;0.0;0.00317;9e-05
2496;Sudeste;MG;Dom Joaquim;31;312260.0;31020.0;GUANHAES;2021-02-25;8;4195.0;230;1;1;0;0.0;0.0023;1e-05
2497;Sudeste;MG;Dom Silvério;31;312270.0;31060.0;PONTE NOVA;2021-02-25;8;5237.0;117;0;3;0;0.0;0.00117;3e-05
2498;Sudeste;MG;Dom Viçoso;31;312280.0;31008.0;SAO LOURENCO;2021-02-25;8;3001.0;91;1;1;0;0.0;0.00091;1e-05
2499;Sudeste;MG;Dona Euzébia;31;312290.0;31044.0;LEOPOLDINA / CATAGUASES;2021-02-25;8;6572.0;399;0;3;0;0.0;0.00399;3e-05
2500;Sudeste;MG;Dores de Campos;31;312300.0;31015.0;SAO JOAO DEL REI;2021-02-25;8;10153.0;518;0;8;0;0.0;0.00518;8e-05
2501;Sudeste;MG;Dores de Guanhães;31;312310.0;31020.0;GUANHAES;2021-02-25;8;5169.0;95;0;3;0;0.0;0.00095;3e-05
2502;Sudeste;MG;Dores do Indaiá;31;312320.0;31028.0;BOM DESPACHO;2021-02-25;8;13483.0;446;3;7;0;0.0;0.00446;7e-05
2503;Sudeste;MG;Dores do Turvo;31;312330.0;31048.0;UBA;2021-02-25;8;4259.0;98;0;3;0;0.0;0.00098;3e-05
2504;Sudeste;MG;Doresópolis;31;312340.0;31093.0;PIUMHI;2021-02-25;8;1527.0;79;0;1;0;0.0;0.00079;1e-05
2505;Sudeste;MG;Douradoquara;31;312350.0;31074.0;PATROCINIO / MONTE CARMELO;2021-02-25;8;1908.0;45;0;1;0;0.0;0.00045;1e-05
2506;Sudeste;MG;Durandé;31;312352.0;31059.0;MANHUACU;2021-02-25;8;7841.0;573;18;4;0;0.0;0.00573;4e-05
2507;Sudeste;MG;Elói Mendes;31;312360.0;31012.0;VARGINHA;2021-02-25;8;28076.0;524;9;9;0;0.0;0.00524;9e-05
2508;Sudeste;MG;Engenheiro Caldas;31;312370.0;31036.0;GOVERNADOR VALADARES;2021-02-25;8;11134.0;304;1;19;0;0.0;0.00304;0.00019
2509;Sudeste;MG;Engenheiro Navarro;31;312380.0;31083.0;BOCAIUVA;2021-02-25;8;7242.0;69;0;1;0;0.0;0.00069;1e-05
2510;Sudeste;MG;Entre Folhas;31;312385.0;31034.0;CARATINGA;2021-02-25;8;5370.0;229;1;5;0;0.0;0.00229;5e-05
2511;Sudeste;MG;Entre Rios de Minas;31;312390.0;31078.0;CONGONHAS;2021-02-25;8;15298.0;286;4;5;0;0.0;0.00286;5e-05
2512;Sudeste;MG;Ervália;31;312400.0;31048.0;UBA;2021-02-25;8;18895.0;502;1;9;0;0.0;0.00502;9e-05
2513;Sudeste;MG;Esmeraldas;31;312410.0;31017.0;BETIM;2021-02-25;8;70552.0;1211;0;42;1;1.0;0.01211;0.00042
2514;Sudeste;MG;Espera Feliz;31;312420.0;31042.0;CARANGOLA;2021-02-25;8;24951.0;1539;6;21;0;0.0;0.01539;0.00021
2515;Sudeste;MG;Espinosa;31;312430.0;31052.0;JANAUBA/MONTE AZUL;2021-02-25;8;31617.0;730;42;20;0;0.0;0.0073;0.0002
2516;Sudeste;MG;Espírito Santo do Dourado;31;312440.0;31007.0;POUSO ALEGRE;2021-02-25;8;4692.0;98;0;4;0;0.0;0.00098;4e-05
2517;Sudeste;MG;Estiva;31;312450.0;31007.0;POUSO ALEGRE;2021-02-25;8;11354.0;335;2;4;0;0.0;0.00335;4e-05
2518;Sudeste;MG;Estrela Dalva;31;312460.0;31041.0;ALEM  PARAIBA;2021-02-25;8;2343.0;68;1;5;0;0.0;0.00068;5e-05
2519;Sudeste;MG;Estrela do Indaiá;31;312470.0;31028.0;BOM DESPACHO;2021-02-25;8;3500.0;22;0;0;0;0.0;0.00022;0.0
2520;Sudeste;MG;Estrela do Sul;31;312480.0;31074.0;PATROCINIO / MONTE CARMELO;2021-02-25;8;7978.0;179;0;2;0;0.0;0.00179;2e-05
2521;Sudeste;MG;Eugenópolis;31;312490.0;31045.0;MURIAE;2021-02-25;8;11275.0;242;0;7;0;0.0;0.00242;7e-05
2522;Sudeste;MG;Ewbank da Câmara;31;312500.0;31097.0;JUIZ DE FORA;2021-02-25;8;3913.0;163;0;3;0;0.0;0.00163;3e-05
2523;Sudeste;MG;Extrema;31;312510.0;31007.0;POUSO ALEGRE;2021-02-25;8;36225.0;4970;36;56;0;0.0;0.0497;0.00056
2524;Sudeste;MG;Fama;31;312520.0;31001.0;ALFENAS / MACHADO;2021-02-25;8;2377.0;58;0;0;0;0.0;0.00058;0.0
2525;Sudeste;MG;Faria Lemos;31;312530.0;31042.0;CARANGOLA;2021-02-25;8;3241.0;108;3;3;0;0.0;0.00108;3e-05
2526;Sudeste;MG;Felício dos Santos;31;312540.0;31026.0;DIAMANTINA;2021-02-25;8;4753.0;48;0;1;0;0.0;0.00048;1e-05
2527;Sudeste;MG;São Gonçalo do Rio Preto;31;312550.0;31026.0;DIAMANTINA;2021-02-25;8;3167.0;22;0;0;0;0.0;0.00022;0.0
2528;Sudeste;MG;Felisburgo;31;312560.0;31094.0;ALMENARA/JACINTO;2021-02-25;8;7457.0;186;0;6;0;0.0;0.00186;6e-05
2529;Sudeste;MG;Felixlândia;31;312570.0;31019.0;CURVELO;2021-02-25;8;15336.0;324;0;7;0;0.0;0.00324;7e-05
2530;Sudeste;MG;Fernandes Tourinho;31;312580.0;31036.0;GOVERNADOR VALADARES;2021-02-25;8;3431.0;63;0;7;0;0.0;0.00063;7e-05
2531;Sudeste;MG;Ferros;31;312590.0;31021.0;ITABIRA;2021-02-25;8;9820.0;195;0;6;0;0.0;0.00195;6e-05
2532;Sudeste;MG;Fervedouro;31;312595.0;31042.0;CARANGOLA;2021-02-25;8;11006.0;514;11;8;0;0.0;0.00514;8e-05
2533;Sudeste;MG;Florestal;31;312600.0;31017.0;BETIM;2021-02-25;8;7461.0;175;0;5;0;1.0;0.00175;5e-05
2534;Sudeste;MG;Formiga;31;312610.0;31030.0;FORMIGA;2021-02-25;8;67683.0;3190;60;27;0;0.0;0.0319;0.00027
2535;Sudeste;MG;Formoso;31;312620.0;31058.0;UNAI;2021-02-25;8;9562.0;174;0;4;0;0.0;0.00174;4e-05
2536;Sudeste;MG;Fortaleza de Minas;31;312630.0;31092.0;PASSOS;2021-02-25;8;4412.0;61;0;0;0;0.0;0.00061;0.0
2537;Sudeste;MG;Fortuna de Minas;31;312640.0;31024.0;SETE LAGOAS;2021-02-25;8;2947.0;43;0;0;0;0.0;0.00043;0.0
2538;Sudeste;MG;Francisco Badaró;31;312650.0;31064.0;ARACUAI;2021-02-25;8;10332.0;79;3;0;0;0.0;0.00079;0.0
2539;Sudeste;MG;Francisco Dumont;31;312660.0;31083.0;BOCAIUVA;2021-02-25;8;5215.0;49;3;3;0;0.0;0.00049;3e-05
2540;Sudeste;MG;Francisco Sá;31;312670.0;31051.0;FRANCISCO SA;2021-02-25;8;26277.0;511;0;9;0;0.0;0.00511;9e-05
2541;Sudeste;MG;Franciscópolis;31;312675.0;31099.0;TEOFILO OTONI / MALACACHETA;2021-02-25;8;5391.0;139;0;2;0;0.0;0.00139;2e-05
2542;Sudeste;MG;Frei Gaspar;31;312680.0;31096.0;ITAMBACURI;2021-02-25;8;5880.0;261;0;1;0;0.0;0.00261;1e-05
2543;Sudeste;MG;Frei Inocêncio;31;312690.0;31036.0;GOVERNADOR VALADARES;2021-02-25;8;9611.0;447;0;13;0;0.0;0.00447;0.00013
2544;Sudeste;MG;Frei Lagonegro;31;312695.0;31080.0;PECANHA/SAO JOAO EVANGELISTA;2021-02-25;8;3478.0;109;0;2;0;0.0;0.00109;2e-05
2545;Sudeste;MG;Fronteira;31;312700.0;31071.0;FRUTAL / ITURAMA;2021-02-25;8;18103.0;716;8;22;0;0.0;0.00716;0.00022
2546;Sudeste;MG;Fronteira dos Vales;31;312705.0;31062.0;AGUAS FORMOSAS;2021-02-25;8;4581.0;112;0;1;0;0.0;0.00112;1e-05
2547;Sudeste;MG;Fruta de Leite;31;312707.0;31098.0;SALINAS;2021-02-25;8;5369.0;46;-2;1;0;0.0;0.00046;1e-05
2548;Sudeste;MG;Frutal;31;312710.0;31071.0;FRUTAL / ITURAMA;2021-02-25;8;59496.0;3443;0;80;0;0.0;0.03443;0.0008
2549;Sudeste;MG;Funilândia;31;312720.0;31024.0;SETE LAGOAS;2021-02-25;8;4349.0;61;0;1;0;0.0;0.00061;1e-05
2550;Sudeste;MG;Galiléia;31;312730.0;31036.0;GOVERNADOR VALADARES;2021-02-25;8;6817.0;254;2;13;0;0.0;0.00254;0.00013
2551;Sudeste;MG;Gameleiras;31;312733.0;31052.0;JANAUBA/MONTE AZUL;2021-02-25;8;5109.0;225;0;3;0;0.0;0.00225;3e-05
2552;Sudeste;MG;Glaucilândia;31;312735.0;31084.0;MONTES CLAROS;2021-02-25;8;3150.0;43;0;3;0;0.0;0.00043;3e-05
2553;Sudeste;MG;Goiabeira;31;312737.0;31040.0;RESPLENDOR;2021-02-25;8;3353.0;120;0;4;0;0.0;0.0012;4e-05
2554;Sudeste;MG;Goianá;31;312738.0;31097.0;JUIZ DE FORA;2021-02-25;8;3966.0;170;0;3;0;0.0;0.0017;3e-05
2555;Sudeste;MG;Gonçalves;31;312740.0;31003.0;ITAJUBA;2021-02-25;8;4350.0;135;0;4;0;0.0;0.00135;4e-05
2556;Sudeste;MG;Gonzaga;31;312750.0;31036.0;GOVERNADOR VALADARES;2021-02-25;8;6158.0;197;0;7;0;0.0;0.00197;7e-05
2557;Sudeste;MG;Gouveia;31;312760.0;31026.0;DIAMANTINA;2021-02-25;8;11825.0;262;0;10;0;0.0;0.00262;0.0001
2558;Sudeste;MG;Governador Valadares;31;312770.0;31036.0;GOVERNADOR VALADARES;2021-02-25;8;279885.0;15574;57;558;1;0.0;0.15574;0.00558
2559;Sudeste;MG;Grão Mogol;31;312780.0;31051.0;FRANCISCO SA;2021-02-25;8;15836.0;263;8;3;0;0.0;0.00263;3e-05
2560;Sudeste;MG;Grupiara;31;312790.0;31074.0;PATROCINIO / MONTE CARMELO;2021-02-25;8;1388.0;43;1;0;0;0.0;0.00043;0.0
2561;Sudeste;MG;Guanhães;31;312800.0;31020.0;GUANHAES;2021-02-25;8;34319.0;1139;0;10;0;0.0;0.01139;0.0001
2562;Sudeste;MG;Guapé;31;312810.0;31093.0;PIUMHI;2021-02-25;8;14245.0;256;0;7;0;0.0;0.00256;7e-05
2563;Sudeste;MG;Guaraciaba;31;312820.0;31060.0;PONTE NOVA;2021-02-25;8;10324.0;197;0;5;0;0.0;0.00197;5e-05
2564;Sudeste;MG;Guaraciama;31;312825.0;31083.0;BOCAIUVA;2021-02-25;8;4972.0;31;-1;1;0;0.0;0.00031;1e-05
2565;Sudeste;MG;Guaranésia;31;312830.0;31002.0;GUAXUPE;2021-02-25;8;19021.0;750;4;12;0;0.0;0.0075;0.00012
2566;Sudeste;MG;Guarani;31;312840.0;31048.0;UBA;2021-02-25;8;8911.0;350;0;1;0;0.0;0.0035;1e-05
2567;Sudeste;MG;Guarará;31;312850.0;31047.0;SAO JOAO NEPOMUCENO / BICAS;2021-02-25;8;3796.0;195;9;2;0;0.0;0.00195;2e-05
2568;Sudeste;MG;Guarda-Mor;31;312860.0;31057.0;PATOS DE MINAS;2021-02-25;8;6580.0;205;12;3;0;0.0;0.00205;3e-05
2569;Sudeste;MG;Guaxupé;31;312870.0;31002.0;GUAXUPE;2021-02-25;8;51917.0;2499;6;41;3;0.0;0.02499;0.00041
2570;Sudeste;MG;Guidoval;31;312880.0;31048.0;UBA;2021-02-25;8;7078.0;225;0;3;0;0.0;0.00225;3e-05
2571;Sudeste;MG;Guimarânia;31;312890.0;31057.0;PATOS DE MINAS;2021-02-25;8;8039.0;491;8;6;0;0.0;0.00491;6e-05
2572;Sudeste;MG;Guiricema;31;312900.0;31048.0;UBA;2021-02-25;8;8392.0;354;0;7;0;0.0;0.00354;7e-05
2573;Sudeste;MG;Gurinhatã;31;312910.0;31073.0;ITUIUTABA;2021-02-25;8;5639.0;110;4;1;0;0.0;0.0011;1e-05
2574;Sudeste;MG;Heliodora;31;312920.0;31007.0;POUSO ALEGRE;2021-02-25;8;6558.0;209;2;5;0;0.0;0.00209;5e-05
2575;Sudeste;MG;Iapu;31;312930.0;31037.0;IPATINGA;2021-02-25;8;11004.0;239;0;13;0;0.0;0.00239;0.00013
2576;Sudeste;MG;Ibertioga;31;312940.0;31013.0;BARBACENA;2021-02-25;8;5021.0;39;0;1;0;0.0;0.00039;1e-05
2577;Sudeste;MG;Ibiá;31;312950.0;31070.0;ARAXA;2021-02-25;8;25199.0;1140;3;20;0;0.0;0.0114;0.0002
2578;Sudeste;MG;Ibiaí;31;312960.0;31055.0;PIRAPORA;2021-02-25;8;8395.0;47;0;1;0;0.0;0.00047;1e-05
2579;Sudeste;MG;Ibiracatu;31;312965.0;31049.0;BRASILIA DE MINAS/SAO FRANCISCO;2021-02-25;8;5400.0;74;0;0;0;0.0;0.00074;0.0
2580;Sudeste;MG;Ibiraci;31;312970.0;31091.0;CASSIA;2021-02-25;8;13828.0;414;6;10;0;0.0;0.00414;0.0001
2581;Sudeste;MG;Ibirité;31;312980.0;31018.0;CONTAGEM;2021-02-25;8;180204.0;5907;88;146;0;1.0;0.05907;0.00146
2582;Sudeste;MG;Ibitiúra de Minas;31;312990.0;31006.0;POCOS DE CALDAS;2021-02-25;8;3488.0;300;0;1;1;0.0;0.003;1e-05
2583;Sudeste;MG;Ibituruna;31;313000.0;31015.0;SAO JOAO DEL REI;2021-02-25;8;2989.0;17;0;0;0;0.0;0.00017;0.0
2584;Sudeste;MG;Icaraí de Minas;31;313005.0;31049.0;BRASILIA DE MINAS/SAO FRANCISCO;2021-02-25;8;11990.0;128;0;1;0;0.0;0.00128;1e-05
2585;Sudeste;MG;Igarapé;31;313010.0;31017.0;BETIM;2021-02-25;8;43045.0;1369;0;26;-1;1.0;0.01369;0.00026
2586;Sudeste;MG;Igaratinga;31;313020.0;31032.0;PARA DE MINAS;2021-02-25;8;10860.0;187;0;5;0;0.0;0.00187;5e-05
2587;Sudeste;MG;Iguatama;31;313030.0;31030.0;FORMIGA;2021-02-25;8;7947.0;285;0;3;0;0.0;0.00285;3e-05
2588;Sudeste;MG;Ijaci;31;313040.0;31004.0;LAVRAS;2021-02-25;8;6550.0;69;0;3;0;0.0;0.00069;3e-05
2589;Sudeste;MG;Ilicínea;31;313050.0;31011.0;TRES PONTAS;2021-02-25;8;12375.0;427;1;10;0;0.0;0.00427;0.0001
2590;Sudeste;MG;Imbé de Minas;31;313055.0;31034.0;CARATINGA;2021-02-25;8;6903.0;145;0;5;0;0.0;0.00145;5e-05
2591;Sudeste;MG;Inconfidentes;31;313060.0;31007.0;POUSO ALEGRE;2021-02-25;8;7328.0;292;0;8;0;0.0;0.00292;8e-05
2592;Sudeste;MG;Indaiabira;31;313065.0;31085.0;TAIOBEIRAS;2021-02-25;8;7351.0;179;-1;1;0;0.0;0.00179;1e-05
2593;Sudeste;MG;Indianópolis;31;313070.0;31075.0;UBERLANDIA / ARAGUARI;2021-02-25;8;6891.0;262;12;1;0;0.0;0.00262;1e-05
2594;Sudeste;MG;Ingaí;31;313080.0;31004.0;LAVRAS;2021-02-25;8;2767.0;61;0;3;0;0.0;0.00061;3e-05
2595;Sudeste;MG;Inhapim;31;313090.0;31034.0;CARATINGA;2021-02-25;8;24140.0;1236;3;39;0;0.0;0.01236;0.00039
2596;Sudeste;MG;Inhaúma;31;313100.0;31024.0;SETE LAGOAS;2021-02-25;8;6271.0;312;0;3;0;0.0;0.00312;3e-05
2597;Sudeste;MG;Inimutaba;31;313110.0;31019.0;CURVELO;2021-02-25;8;7515.0;165;2;5;0;0.0;0.00165;5e-05
2598;Sudeste;MG;Ipaba;31;313115.0;31037.0;IPATINGA;2021-02-25;8;18607.0;975;3;29;0;0.0;0.00975;0.00029
2599;Sudeste;MG;Ipanema;31;313120.0;31059.0;MANHUACU;2021-02-25;8;19861.0;1024;26;17;0;0.0;0.01024;0.00017
2600;Sudeste;MG;Ipatinga;31;313130.0;31037.0;IPATINGA;2021-02-25;8;263410.0;19075;125;407;1;0.0;0.19075;0.00407
2601;Sudeste;MG;Ipiaçu;31;313140.0;31073.0;ITUIUTABA;2021-02-25;8;4221.0;258;0;3;0;0.0;0.00258;3e-05
2602;Sudeste;MG;Ipuiúna;31;313150.0;31007.0;POUSO ALEGRE;2021-02-25;8;10079.0;323;4;8;0;0.0;0.00323;8e-05
2603;Sudeste;MG;Iraí de Minas;31;313160.0;31074.0;PATROCINIO / MONTE CARMELO;2021-02-25;8;6987.0;323;17;5;0;0.0;0.00323;5e-05
2604;Sudeste;MG;Itabira;31;313170.0;31021.0;ITABIRA;2021-02-25;8;120060.0;8703;187;69;1;0.0;0.08703;0.00069
2605;Sudeste;MG;Itabirinha;31;313180.0;31038.0;MANTENA;2021-02-25;8;11512.0;584;0;16;0;0.0;0.00584;0.00016
2606;Sudeste;MG;Itabirito;31;313190.0;31022.0;OURO PRETO;2021-02-25;8;51875.0;8161;0;46;0;0.0;0.08161;0.00046
2607;Sudeste;MG;Itacambira;31;313200.0;31084.0;MONTES CLAROS;2021-02-25;8;5385.0;54;0;2;0;0.0;0.00054;2e-05
2608;Sudeste;MG;Itacarambi;31;313210.0;31053.0;JANUARIA;2021-02-25;8;18153.0;301;0;5;0;0.0;0.00301;5e-05
2609;Sudeste;MG;Itaguara;31;313220.0;31031.0;ITAUNA;2021-02-25;8;13358.0;713;0;10;0;1.0;0.00713;0.0001
2610;Sudeste;MG;Itaipé;31;313230.0;31067.0;PADRE PARAISO;2021-02-25;8;12760.0;257;0;1;0;0.0;0.00257;1e-05
2611;Sudeste;MG;Itajubá;31;313240.0;31003.0;ITAJUBA;2021-02-25;8;96869.0;3455;52;110;2;0.0;0.03455;0.0011
2612;Sudeste;MG;Itamarandiba;31;313250.0;31026.0;DIAMANTINA;2021-02-25;8;34735.0;475;8;5;0;0.0;0.00475;5e-05
2613;Sudeste;MG;Itamarati de Minas;31;313260.0;31044.0;LEOPOLDINA / CATAGUASES;2021-02-25;8;4355.0;133;1;1;0;0.0;0.00133;1e-05
2614;Sudeste;MG;Itambacuri;31;313270.0;31096.0;ITAMBACURI;2021-02-25;8;23211.0;386;0;10;0;0.0;0.00386;0.0001
2615;Sudeste;MG;Itambé do Mato Dentro;31;313280.0;31021.0;ITABIRA;2021-02-25;8;2081.0;34;0;2;0;0.0;0.00034;2e-05
2616;Sudeste;MG;Itamogi;31;313290.0;31009.0;SAO SEBASTIAO DO PARAISO;2021-02-25;8;10192.0;462;4;21;0;0.0;0.00462;0.00021
2617;Sudeste;MG;Itamonte;31;313300.0;31008.0;SAO LOURENCO;2021-02-25;8;15579.0;679;14;12;0;0.0;0.00679;0.00012
2618;Sudeste;MG;Itanhandu;31;313310.0;31008.0;SAO LOURENCO;2021-02-25;8;15331.0;1008;3;23;0;0.0;0.01008;0.00023
2619;Sudeste;MG;Itanhomi;31;313320.0;31036.0;GOVERNADOR VALADARES;2021-02-25;8;12228.0;418;0;13;0;0.0;0.00418;0.00013
2620;Sudeste;MG;Itaobim;31;313330.0;31065.0;ITAOBIM;2021-02-25;8;21062.0;741;0;21;0;0.0;0.00741;0.00021
2621;Sudeste;MG;Itapagipe;31;313340.0;31071.0;FRUTAL / ITURAMA;2021-02-25;8;15243.0;546;13;11;0;0.0;0.00546;0.00011
2622;Sudeste;MG;Itapecerica;31;313350.0;31086.0;DIVINOPOLIS;2021-02-25;8;21762.0;551;0;10;0;0.0;0.00551;0.0001
2623;Sudeste;MG;Itapeva;31;313360.0;31007.0;POUSO ALEGRE;2021-02-25;8;9783.0;949;0;22;0;0.0;0.00949;0.00022
2624;Sudeste;MG;Itatiaiuçu;31;313370.0;31031.0;ITAUNA;2021-02-25;8;11146.0;564;0;9;0;1.0;0.00564;9e-05
2625;Sudeste;MG;Itaú de Minas;31;313375.0;31092.0;PASSOS;2021-02-25;8;16108.0;964;6;6;0;0.0;0.00964;6e-05
2626;Sudeste;MG;Itaúna;31;313380.0;31031.0;ITAUNA;2021-02-25;8;93214.0;5315;104;70;0;0.0;0.05315;0.0007
2627;Sudeste;MG;Itaverava;31;313390.0;31079.0;CONSELHEIRO LAFAIETE;2021-02-25;8;5419.0;45;0;2;0;0.0;0.00045;2e-05
2628;Sudeste;MG;Itinga;31;313400.0;31065.0;ITAOBIM;2021-02-25;8;14990.0;105;0;7;0;0.0;0.00105;7e-05
2629;Sudeste;MG;Itueta;31;313410.0;31040.0;RESPLENDOR;2021-02-25;8;6051.0;723;1;3;0;0.0;0.00723;3e-05
2630;Sudeste;MG;Ituiutaba;31;313420.0;31073.0;ITUIUTABA;2021-02-25;8;104671.0;6297;65;149;1;0.0;0.06297;0.00149
2631;Sudeste;MG;Itumirim;31;313430.0;31004.0;LAVRAS;2021-02-25;8;6023.0;53;2;0;0;0.0;0.00053;0.0
2632;Sudeste;MG;Iturama;31;313440.0;31071.0;FRUTAL / ITURAMA;2021-02-25;8;39263.0;1914;10;37;0;0.0;0.01914;0.00037
2633;Sudeste;MG;Itutinga;31;313450.0;31004.0;LAVRAS;2021-02-25;8;3788.0;29;0;1;0;0.0;0.00029;1e-05
2634;Sudeste;MG;Jaboticatubas;31;313460.0;31016.0;BELO HORIZONTE/ NOVA LIMA/ CAETE ;2021-02-25;8;20143.0;782;9;17;0;1.0;0.00782;0.00017
2635;Sudeste;MG;Jacinto;31;313470.0;31094.0;ALMENARA/JACINTO;2021-02-25;8;12326.0;574;0;5;0;0.0;0.00574;5e-05
2636;Sudeste;MG;Jacuí;31;313480.0;31009.0;SAO SEBASTIAO DO PARAISO;2021-02-25;8;7686.0;387;3;10;0;0.0;0.00387;0.0001
2637;Sudeste;MG;Jacutinga;31;313490.0;31007.0;POUSO ALEGRE;2021-02-25;8;25979.0;834;0;23;1;0.0;0.00834;0.00023
2638;Sudeste;MG;Jaguaraçu;31;313500.0;31035.0;CORONEL FABRICIANO/TIMOTEO;2021-02-25;8;3133.0;185;1;7;0;0.0;0.00185;7e-05
2639;Sudeste;MG;Jaíba;31;313505.0;31052.0;JANAUBA/MONTE AZUL;2021-02-25;8;38909.0;823;3;12;0;0.0;0.00823;0.00012
2640;Sudeste;MG;Jampruca;31;313507.0;31036.0;GOVERNADOR VALADARES;2021-02-25;8;5404.0;105;0;2;0;0.0;0.00105;2e-05
2641;Sudeste;MG;Janaúba;31;313510.0;31052.0;JANAUBA/MONTE AZUL;2021-02-25;8;71648.0;2643;8;41;0;0.0;0.02643;0.00041
2642;Sudeste;MG;Januária;31;313520.0;31053.0;JANUARIA;2021-02-25;8;67742.0;727;9;18;0;0.0;0.00727;0.00018
2643;Sudeste;MG;Japaraíba;31;313530.0;31087.0;LAGOA DA PRATA/STO ANT DO MONTE;2021-02-25;8;4350.0;135;3;3;0;0.0;0.00135;3e-05
2644;Sudeste;MG;Japonvar;31;313535.0;31049.0;BRASILIA DE MINAS/SAO FRANCISCO;2021-02-25;8;7969.0;109;0;1;0;0.0;0.00109;1e-05
2645;Sudeste;MG;Jeceaba;31;313540.0;31078.0;CONGONHAS;2021-02-25;8;4912.0;97;1;2;0;0.0;0.00097;2e-05
2646;Sudeste;MG;Jenipapo de Minas;31;313545.0;31064.0;ARACUAI;2021-02-25;8;7692.0;53;0;0;0;0.0;0.00053;0.0
2647;Sudeste;MG;Jequeri;31;313550.0;31060.0;PONTE NOVA;2021-02-25;8;12386.0;216;3;9;0;0.0;0.00216;9e-05
2648;Sudeste;MG;Jequitaí;31;313560.0;31050.0;CORACAO DE JESUS;2021-02-25;8;7531.0;103;0;4;0;0.0;0.00103;4e-05
2649;Sudeste;MG;Jequitibá;31;313570.0;31024.0;SETE LAGOAS;2021-02-25;8;5211.0;170;2;1;0;0.0;0.0017;1e-05
2650;Sudeste;MG;Jequitinhonha;31;313580.0;31094.0;ALMENARA/JACINTO;2021-02-25;8;25391.0;747;0;9;0;0.0;0.00747;9e-05
2651;Sudeste;MG;Jesuânia;31;313590.0;31008.0;SAO LOURENCO;2021-02-25;8;4787.0;141;5;6;0;0.0;0.00141;6e-05
2652;Sudeste;MG;Joaíma;31;313600.0;31094.0;ALMENARA/JACINTO;2021-02-25;8;15432.0;348;5;11;0;0.0;0.00348;0.00011
2653;Sudeste;MG;Joanésia;31;313610.0;31037.0;IPATINGA;2021-02-25;8;4573.0;196;3;7;0;0.0;0.00196;7e-05
2654;Sudeste;MG;João Monlevade;31;313620.0;31023.0;JOAO MONLEVADE;2021-02-25;8;79910.0;3952;24;87;0;0.0;0.03952;0.00087
2655;Sudeste;MG;João Pinheiro;31;313630.0;31077.0;JOAO PINHEIRO;2021-02-25;8;47452.0;2050;131;23;0;0.0;0.0205;0.00023
2656;Sudeste;MG;Joaquim Felício;31;313640.0;31083.0;BOCAIUVA;2021-02-25;8;4695.0;80;0;2;0;0.0;0.0008;2e-05
2657;Sudeste;MG;Jordânia;31;313650.0;31094.0;ALMENARA/JACINTO;2021-02-25;8;10812.0;585;6;6;0;0.0;0.00585;6e-05
2658;Sudeste;MG;José Gonçalves de Minas;31;313652.0;31027.0;TURMALINA/MINAS NOVAS/CAPELINHA;2021-02-25;8;4501.0;24;0;0;0;0.0;0.00024;0.0
2659;Sudeste;MG;José Raydan;31;313655.0;31081.0;SANTA MARIA DO SUACUI;2021-02-25;8;4995.0;131;0;0;0;0.0;0.00131;0.0
2660;Sudeste;MG;Josenópolis;31;313657.0;31051.0;FRANCISCO SA;2021-02-25;8;4867.0;358;0;3;0;0.0;0.00358;3e-05
2661;Sudeste;MG;Nova União;31;313660.0;31016.0;BELO HORIZONTE/ NOVA LIMA/ CAETE ;2021-02-25;8;5725.0;101;2;1;0;1.0;0.00101;1e-05
2662;Sudeste;MG;Juatuba;31;313665.0;31017.0;BETIM;2021-02-25;8;26946.0;1329;6;30;0;1.0;0.01329;0.0003
2663;Sudeste;MG;Juiz de Fora;31;313670.0;31097.0;JUIZ DE FORA;2021-02-25;8;568873.0;19020;0;796;5;0.0;0.1902;0.00796
2664;Sudeste;MG;Juramento;31;313680.0;31084.0;MONTES CLAROS;2021-02-25;8;4331.0;82;0;1;0;0.0;0.00082;1e-05
2665;Sudeste;MG;Juruaia;31;313690.0;31002.0;GUAXUPE;2021-02-25;8;10563.0;644;0;11;0;0.0;0.00644;0.00011
2666;Sudeste;MG;Juvenília;31;313695.0;31076.0;MANGA;2021-02-25;8;5724.0;171;0;3;0;0.0;0.00171;3e-05
2667;Sudeste;MG;Ladainha;31;313700.0;31099.0;TEOFILO OTONI / MALACACHETA;2021-02-25;8;18111.0;244;0;3;0;0.0;0.00244;3e-05
2668;Sudeste;MG;Lagamar;31;313710.0;31057.0;PATOS DE MINAS;2021-02-25;8;7613.0;239;1;4;0;0.0;0.00239;4e-05
2669;Sudeste;MG;Lagoa da Prata;31;313720.0;31087.0;LAGOA DA PRATA/STO ANT DO MONTE;2021-02-25;8;52165.0;2160;0;40;0;0.0;0.0216;0.0004
2670;Sudeste;MG;Lagoa dos Patos;31;313730.0;31050.0;CORACAO DE JESUS;2021-02-25;8;4102.0;32;0;0;0;0.0;0.00032;0.0
2671;Sudeste;MG;Lagoa Dourada;31;313740.0;31015.0;SAO JOAO DEL REI;2021-02-25;8;13009.0;301;0;4;0;0.0;0.00301;4e-05
2672;Sudeste;MG;Lagoa Formosa;31;313750.0;31057.0;PATOS DE MINAS;2021-02-25;8;18052.0;1273;0;22;1;0.0;0.01273;0.00022
2673;Sudeste;MG;Lagoa Grande;31;313753.0;31077.0;JOAO PINHEIRO;2021-02-25;8;9532.0;238;23;2;0;0.0;0.00238;2e-05
2674;Sudeste;MG;Lagoa Santa;31;313760.0;31025.0;VESPASIANO;2021-02-25;8;64527.0;2638;34;41;2;1.0;0.02638;0.00041
2675;Sudeste;MG;Lajinha;31;313770.0;31059.0;MANHUACU;2021-02-25;8;19923.0;1555;12;23;0;0.0;0.01555;0.00023
2676;Sudeste;MG;Lambari;31;313780.0;31008.0;SAO LOURENCO;2021-02-25;8;20814.0;745;7;10;0;0.0;0.00745;0.0001
2677;Sudeste;MG;Lamim;31;313790.0;31079.0;CONSELHEIRO LAFAIETE;2021-02-25;8;3391.0;27;0;0;0;0.0;0.00027;0.0
2678;Sudeste;MG;Laranjal;31;313800.0;31044.0;LEOPOLDINA / CATAGUASES;2021-02-25;8;6810.0;244;0;10;0;0.0;0.00244;0.0001
2679;Sudeste;MG;Lassance;31;313810.0;31055.0;PIRAPORA;2021-02-25;8;6512.0;100;0;1;0;0.0;0.001;1e-05
2680;Sudeste;MG;Lavras;31;313820.0;31004.0;LAVRAS;2021-02-25;8;103773.0;1626;14;46;0;0.0;0.01626;0.00046
2681;Sudeste;MG;Leandro Ferreira;31;313830.0;31032.0;PARA DE MINAS;2021-02-25;8;3229.0;100;0;4;0;0.0;0.001;4e-05
2682;Sudeste;MG;Leme do Prado;31;313835.0;31027.0;TURMALINA/MINAS NOVAS/CAPELINHA;2021-02-25;8;4918.0;46;0;0;0;0.0;0.00046;0.0
2683;Sudeste;MG;Leopoldina;31;313840.0;31044.0;LEOPOLDINA / CATAGUASES;2021-02-25;8;52587.0;2645;21;62;0;0.0;0.02645;0.00062
2684;Sudeste;MG;Liberdade;31;313850.0;31090.0;LIMA DUARTE;2021-02-25;8;5069.0;39;0;0;0;0.0;0.00039;0.0
2685;Sudeste;MG;Lima Duarte;31;313860.0;31090.0;LIMA DUARTE;2021-02-25;8;16698.0;368;3;18;0;0.0;0.00368;0.00018
2686;Sudeste;MG;Limeira do Oeste;31;313862.0;31071.0;FRUTAL / ITURAMA;2021-02-25;8;7536.0;387;4;5;0;0.0;0.00387;5e-05
2687;Sudeste;MG;Lontra;31;313865.0;31049.0;BRASILIA DE MINAS/SAO FRANCISCO;2021-02-25;8;9661.0;111;5;5;0;0.0;0.00111;5e-05
2688;Sudeste;MG;Luisburgo;31;313867.0;31059.0;MANHUACU;2021-02-25;8;6266.0;211;0;11;0;0.0;0.00211;0.00011
2689;Sudeste;MG;Luislândia;31;313868.0;31049.0;BRASILIA DE MINAS/SAO FRANCISCO;2021-02-25;8;6699.0;80;0;1;0;0.0;0.0008;1e-05
2690;Sudeste;MG;Luminárias;31;313870.0;31004.0;LAVRAS;2021-02-25;8;5446.0;58;0;6;0;0.0;0.00058;6e-05
2691;Sudeste;MG;Luz;31;313880.0;31028.0;BOM DESPACHO;2021-02-25;8;18215.0;435;2;10;0;0.0;0.00435;0.0001
2692;Sudeste;MG;Machacalis;31;313890.0;31062.0;AGUAS FORMOSAS;2021-02-25;8;7111.0;363;1;4;0;0.0;0.00363;4e-05
2693;Sudeste;MG;Machado;31;313900.0;31001.0;ALFENAS / MACHADO;2021-02-25;8;42133.0;855;17;17;0;0.0;0.00855;0.00017
2694;Sudeste;MG;Madre de Deus de Minas;31;313910.0;31015.0;SAO JOAO DEL REI;2021-02-25;8;5098.0;174;0;2;0;0.0;0.00174;2e-05
2695;Sudeste;MG;Malacacheta;31;313920.0;31099.0;TEOFILO OTONI / MALACACHETA;2021-02-25;8;18650.0;528;1;3;0;0.0;0.00528;3e-05
2696;Sudeste;MG;Mamonas;31;313925.0;31052.0;JANAUBA/MONTE AZUL;2021-02-25;8;6543.0;174;0;1;0;0.0;0.00174;1e-05
2697;Sudeste;MG;Manga;31;313930.0;31076.0;MANGA;2021-02-25;8;18407.0;480;0;5;0;0.0;0.0048;5e-05
2698;Sudeste;MG;Manhuaçu;31;313940.0;31059.0;MANHUACU;2021-02-25;8;90229.0;4151;19;113;0;0.0;0.04151;0.00113
2699;Sudeste;MG;Manhumirim;31;313950.0;31059.0;MANHUACU;2021-02-25;8;22707.0;1156;3;23;0;0.0;0.01156;0.00023
2700;Sudeste;MG;Mantena;31;313960.0;31038.0;MANTENA;2021-02-25;8;27644.0;1777;2;44;0;0.0;0.01777;0.00044
2701;Sudeste;MG;Maravilhas;31;313970.0;31024.0;SETE LAGOAS;2021-02-25;8;7976.0;330;0;3;0;0.0;0.0033;3e-05
2702;Sudeste;MG;Mar de Espanha;31;313980.0;31047.0;SAO JOAO NEPOMUCENO / BICAS;2021-02-25;8;12814.0;644;13;18;0;0.0;0.00644;0.00018
2703;Sudeste;MG;Maria da Fé;31;313990.0;31003.0;ITAJUBA;2021-02-25;8;14095.0;231;0;11;0;0.0;0.00231;0.00011
2704;Sudeste;MG;Mariana;31;314000.0;31022.0;OURO PRETO;2021-02-25;8;60724.0;5033;0;35;0;0.0;0.05033;0.00035
2705;Sudeste;MG;Marilac;31;314010.0;31036.0;GOVERNADOR VALADARES;2021-02-25;8;4115.0;129;2;5;0;0.0;0.00129;5e-05
2706;Sudeste;MG;Mário Campos;31;314015.0;31017.0;BETIM;2021-02-25;8;15416.0;374;2;16;0;1.0;0.00374;0.00016
2707;Sudeste;MG;Maripá de Minas;31;314020.0;31047.0;SAO JOAO NEPOMUCENO / BICAS;2021-02-25;8;2973.0;129;2;2;0;0.0;0.00129;2e-05
2708;Sudeste;MG;Marliéria;31;314030.0;31035.0;CORONEL FABRICIANO/TIMOTEO;2021-02-25;8;4039.0;121;14;6;0;0.0;0.00121;6e-05
2709;Sudeste;MG;Marmelópolis;31;314040.0;31003.0;ITAJUBA;2021-02-25;8;2755.0;18;0;0;0;0.0;0.00018;0.0
2710;Sudeste;MG;Martinho Campos;31;314050.0;31028.0;BOM DESPACHO;2021-02-25;8;13388.0;381;0;8;0;0.0;0.00381;8e-05
2711;Sudeste;MG;Martins Soares;31;314053.0;31059.0;MANHUACU;2021-02-25;8;8417.0;92;0;6;0;0.0;0.00092;6e-05
2712;Sudeste;MG;Mata Verde;31;314055.0;31094.0;ALMENARA/JACINTO;2021-02-25;8;8586.0;352;0;6;0;0.0;0.00352;6e-05
2713;Sudeste;MG;Materlândia;31;314060.0;31020.0;GUANHAES;2021-02-25;8;4459.0;77;1;1;0;0.0;0.00077;1e-05
2714;Sudeste;MG;Mateus Leme;31;314070.0;31017.0;BETIM;2021-02-25;8;31086.0;1095;10;27;0;1.0;0.01095;0.00027
2715;Sudeste;MG;Matias Barbosa;31;314080.0;31097.0;JUIZ DE FORA;2021-02-25;8;14468.0;794;2;18;0;0.0;0.00794;0.00018
2716;Sudeste;MG;Matias Cardoso;31;314085.0;31052.0;JANAUBA/MONTE AZUL;2021-02-25;8;11157.0;111;0;5;0;0.0;0.00111;5e-05
2717;Sudeste;MG;Matipó;31;314090.0;31059.0;MANHUACU;2021-02-25;8;18908.0;620;5;14;0;0.0;0.0062;0.00014
2718;Sudeste;MG;Mato Verde;31;314100.0;31052.0;JANAUBA/MONTE AZUL;2021-02-25;8;12459.0;338;7;4;0;0.0;0.00338;4e-05
2719;Sudeste;MG;Matozinhos;31;314110.0;31025.0;VESPASIANO;2021-02-25;8;37820.0;1267;0;22;0;1.0;0.01267;0.00022
2720;Sudeste;MG;Matutina;31;314120.0;31082.0;SAO GOTARDO;2021-02-25;8;3749.0;123;1;5;1;0.0;0.00123;5e-05
2721;Sudeste;MG;Medeiros;31;314130.0;31030.0;FORMIGA;2021-02-25;8;3802.0;101;0;2;0;0.0;0.00101;2e-05
2722;Sudeste;MG;Medina;31;314140.0;31065.0;ITAOBIM;2021-02-25;8;20820.0;625;3;14;0;0.0;0.00625;0.00014
2723;Sudeste;MG;Mendes Pimentel;31;314150.0;31038.0;MANTENA;2021-02-25;8;6446.0;388;0;6;0;0.0;0.00388;6e-05
2724;Sudeste;MG;Mercês;31;314160.0;31048.0;UBA;2021-02-25;8;10739.0;456;0;9;0;0.0;0.00456;9e-05
2725;Sudeste;MG;Mesquita;31;314170.0;31037.0;IPATINGA;2021-02-25;8;5605.0;135;0;2;0;0.0;0.00135;2e-05
2726;Sudeste;MG;Minas Novas;31;314180.0;31027.0;TURMALINA/MINAS NOVAS/CAPELINHA;2021-02-25;8;31484.0;283;1;9;0;0.0;0.00283;9e-05
2727;Sudeste;MG;Minduri;31;314190.0;31008.0;SAO LOURENCO;2021-02-25;8;3894.0;34;0;0;0;0.0;0.00034;0.0
2728;Sudeste;MG;Mirabela;31;314200.0;31084.0;MONTES CLAROS;2021-02-25;8;13589.0;218;0;4;0;0.0;0.00218;4e-05
2729;Sudeste;MG;Miradouro;31;314210.0;31045.0;MURIAE;2021-02-25;8;10754.0;392;0;4;0;0.0;0.00392;4e-05
2730;Sudeste;MG;Miraí;31;314220.0;31045.0;MURIAE;2021-02-25;8;15014.0;712;0;6;0;0.0;0.00712;6e-05
2731;Sudeste;MG;Miravânia;31;314225.0;31076.0;MANGA;2021-02-25;8;4888.0;10;0;0;0;0.0;0.0001;0.0
2732;Sudeste;MG;Moeda;31;314230.0;31016.0;BELO HORIZONTE/ NOVA LIMA/ CAETE ;2021-02-25;8;4919.0;218;1;6;0;0.0;0.00218;6e-05
2733;Sudeste;MG;Moema;31;314240.0;31028.0;BOM DESPACHO;2021-02-25;8;7517.0;524;0;9;0;0.0;0.00524;9e-05
2734;Sudeste;MG;Monjolos;31;314250.0;31019.0;CURVELO;2021-02-25;8;2220.0;14;0;0;0;0.0;0.00014;0.0
2735;Sudeste;MG;Monsenhor Paulo;31;314260.0;31012.0;VARGINHA;2021-02-25;8;8688.0;171;0;0;0;0.0;0.00171;0.0
2736;Sudeste;MG;Montalvânia;31;314270.0;31076.0;MANGA;2021-02-25;8;14877.0;437;1;9;0;0.0;0.00437;9e-05
2737;Sudeste;MG;Monte Alegre de Minas;31;314280.0;31075.0;UBERLANDIA / ARAGUARI;2021-02-25;8;21120.0;1042;3;19;0;0.0;0.01042;0.00019
2738;Sudeste;MG;Monte Azul;31;314290.0;31052.0;JANAUBA/MONTE AZUL;2021-02-25;8;20854.0;806;6;15;0;0.0;0.00806;0.00015
2739;Sudeste;MG;Monte Belo;31;314300.0;31002.0;GUAXUPE;2021-02-25;8;13166.0;345;2;15;0;0.0;0.00345;0.00015
2740;Sudeste;MG;Monte Carmelo;31;314310.0;31074.0;PATROCINIO / MONTE CARMELO;2021-02-25;8;47809.0;2288;0;45;2;0.0;0.02288;0.00045
2741;Sudeste;MG;Monte Formoso;31;314315.0;31065.0;ITAOBIM;2021-02-25;8;4906.0;99;0;2;0;0.0;0.00099;2e-05
2742;Sudeste;MG;Monte Santo de Minas;31;314320.0;31009.0;SAO SEBASTIAO DO PARAISO;2021-02-25;8;21524.0;364;0;10;0;0.0;0.00364;0.0001
2743;Sudeste;MG;Montes Claros;31;314330.0;31084.0;MONTES CLAROS;2021-02-25;8;409341.0;18452;425;282;3;0.0;0.18452;0.00282
2744;Sudeste;MG;Monte Sião;31;314340.0;31007.0;POUSO ALEGRE;2021-02-25;8;23803.0;1188;29;14;0;0.0;0.01188;0.00014
2745;Sudeste;MG;Montezuma;31;314345.0;31085.0;TAIOBEIRAS;2021-02-25;8;8249.0;114;0;0;0;0.0;0.00114;0.0
2746;Sudeste;MG;Morada Nova de Minas;31;314350.0;31024.0;SETE LAGOAS;2021-02-25;8;8863.0;216;0;3;0;0.0;0.00216;3e-05
2747;Sudeste;MG;Morro da Garça;31;314360.0;31019.0;CURVELO;2021-02-25;8;2462.0;39;0;3;0;0.0;0.00039;3e-05
2748;Sudeste;MG;Morro do Pilar;31;314370.0;31021.0;ITABIRA;2021-02-25;8;3182.0;96;0;2;0;0.0;0.00096;2e-05
2749;Sudeste;MG;Munhoz;31;314380.0;31007.0;POUSO ALEGRE;2021-02-25;8;6029.0;226;0;6;0;0.0;0.00226;6e-05
2750;Sudeste;MG;Muriaé;31;314390.0;31045.0;MURIAE;2021-02-25;8;108763.0;7277;11;123;0;0.0;0.07277;0.00123
2751;Sudeste;MG;Mutum;31;314400.0;31059.0;MANHUACU;2021-02-25;8;26979.0;873;6;15;0;0.0;0.00873;0.00015
2752;Sudeste;MG;Muzambinho;31;314410.0;31002.0;GUAXUPE;2021-02-25;8;20569.0;552;0;4;0;0.0;0.00552;4e-05
2753;Sudeste;MG;Nacip Raydan;31;314420.0;31036.0;GOVERNADOR VALADARES;2021-02-25;8;3220.0;130;0;7;0;0.0;0.0013;7e-05
2754;Sudeste;MG;Nanuque;31;314430.0;31066.0;NANUQUE;2021-02-25;8;40750.0;2592;6;70;0;0.0;0.02592;0.0007
2755;Sudeste;MG;Naque;31;314435.0;31037.0;IPATINGA;2021-02-25;8;6996.0;316;0;10;0;0.0;0.00316;0.0001
2756;Sudeste;MG;Natalândia;31;314437.0;31058.0;UNAI;2021-02-25;8;3311.0;47;2;1;0;0.0;0.00047;1e-05
2757;Sudeste;MG;Natércia;31;314440.0;31007.0;POUSO ALEGRE;2021-02-25;8;4730.0;167;0;2;0;0.0;0.00167;2e-05
2758;Sudeste;MG;Nazareno;31;314450.0;31015.0;SAO JOAO DEL REI;2021-02-25;8;8608.0;137;0;3;0;0.0;0.00137;3e-05
2759;Sudeste;MG;Nepomuceno;31;314460.0;31004.0;LAVRAS;2021-02-25;8;26769.0;585;7;14;0;0.0;0.00585;0.00014
2760;Sudeste;MG;Ninheira;31;314465.0;31085.0;TAIOBEIRAS;2021-02-25;8;10295.0;190;6;2;0;0.0;0.0019;2e-05
2761;Sudeste;MG;Nova Belém;31;314467.0;31038.0;MANTENA;2021-02-25;8;3190.0;136;3;7;0;0.0;0.00136;7e-05
2762;Sudeste;MG;Nova Era;31;314470.0;31023.0;JOAO MONLEVADE;2021-02-25;8;17578.0;640;10;17;0;0.0;0.0064;0.00017
2763;Sudeste;MG;Nova Lima;31;314480.0;31016.0;BELO HORIZONTE/ NOVA LIMA/ CAETE ;2021-02-25;8;94889.0;11122;79;85;0;1.0;0.11122;0.00085
2764;Sudeste;MG;Nova Módica;31;314490.0;31096.0;ITAMBACURI;2021-02-25;8;3600.0;149;0;2;0;0.0;0.00149;2e-05
2765;Sudeste;MG;Nova Ponte;31;314500.0;31075.0;UBERLANDIA / ARAGUARI;2021-02-25;8;15545.0;607;12;12;0;0.0;0.00607;0.00012
2766;Sudeste;MG;Nova Porteirinha;31;314505.0;31052.0;JANAUBA/MONTE AZUL;2021-02-25;8;7500.0;147;0;2;0;0.0;0.00147;2e-05
2767;Sudeste;MG;Nova Resende;31;314510.0;31092.0;PASSOS;2021-02-25;8;16723.0;584;5;11;0;0.0;0.00584;0.00011
2768;Sudeste;MG;Nova Serrana;31;314520.0;31032.0;PARA DE MINAS;2021-02-25;8;102693.0;2236;15;75;0;0.0;0.02236;0.00075
2769;Sudeste;MG;Novo Cruzeiro;31;314530.0;31099.0;TEOFILO OTONI / MALACACHETA;2021-02-25;8;31331.0;1073;2;18;0;0.0;0.01073;0.00018
2770;Sudeste;MG;Novo Oriente de Minas;31;314535.0;31099.0;TEOFILO OTONI / MALACACHETA;2021-02-25;8;10755.0;244;3;5;0;0.0;0.00244;5e-05
2771;Sudeste;MG;Novorizonte;31;314537.0;31098.0;SALINAS;2021-02-25;8;5299.0;52;0;3;0;0.0;0.00052;3e-05
2772;Sudeste;MG;Olaria;31;314540.0;31090.0;LIMA DUARTE;2021-02-25;8;1747.0;19;1;0;0;0.0;0.00019;0.0
2773;Sudeste;MG;Olhos-d'Água;31;314545.0;31083.0;BOCAIUVA;2021-02-25;8;6096.0;39;0;3;0;0.0;0.00039;3e-05
2774;Sudeste;MG;Olímpio Noronha;31;314550.0;31008.0;SAO LOURENCO;2021-02-25;8;2787.0;89;0;1;0;0.0;0.00089;1e-05
2775;Sudeste;MG;Oliveira;31;314560.0;31088.0;OLIVEIRA/SANTO ANTONIO DO AMPARO;2021-02-25;8;41687.0;1511;10;16;0;0.0;0.01511;0.00016
2776;Sudeste;MG;Oliveira Fortes;31;314570.0;31046.0;SANTOS DUMONT;2021-02-25;8;2133.0;17;0;0;0;0.0;0.00017;0.0
2777;Sudeste;MG;Onça de Pitangui;31;314580.0;31032.0;PARA DE MINAS;2021-02-25;8;3148.0;42;-1;2;0;0.0;0.00042;2e-05
2778;Sudeste;MG;Oratórios;31;314585.0;31060.0;PONTE NOVA;2021-02-25;8;4655.0;188;15;3;0;0.0;0.00188;3e-05
2779;Sudeste;MG;Orizânia;31;314587.0;31042.0;CARANGOLA;2021-02-25;8;8018.0;150;1;6;0;0.0;0.0015;6e-05
2780;Sudeste;MG;Ouro Branco;31;314590.0;31078.0;CONGONHAS;2021-02-25;8;39500.0;1920;22;19;1;0.0;0.0192;0.00019
2781;Sudeste;MG;Ouro Fino;31;314600.0;31007.0;POUSO ALEGRE;2021-02-25;8;33639.0;1054;4;26;0;0.0;0.01054;0.00026
2782;Sudeste;MG;Ouro Preto;31;314610.0;31022.0;OURO PRETO;2021-02-25;8;74281.0;2715;16;52;0;0.0;0.02715;0.00052
2783;Sudeste;MG;Ouro Verde de Minas;31;314620.0;31099.0;TEOFILO OTONI / MALACACHETA;2021-02-25;8;5934.0;132;0;5;0;0.0;0.00132;5e-05
2784;Sudeste;MG;Padre Carvalho;31;314625.0;31098.0;SALINAS;2021-02-25;8;6378.0;123;0;3;0;0.0;0.00123;3e-05
2785;Sudeste;MG;Padre Paraíso;31;314630.0;31067.0;PADRE PARAISO;2021-02-25;8;20154.0;804;5;10;1;0.0;0.00804;0.0001
2786;Sudeste;MG;Paineiras;31;314640.0;31024.0;SETE LAGOAS;2021-02-25;8;4486.0;61;0;1;1;0.0;0.00061;1e-05
2787;Sudeste;MG;Pains;31;314650.0;31030.0;FORMIGA;2021-02-25;8;8283.0;262;0;2;0;0.0;0.00262;2e-05
2788;Sudeste;MG;Pai Pedro;31;314655.0;31052.0;JANAUBA/MONTE AZUL;2021-02-25;8;6089.0;66;0;2;0;0.0;0.00066;2e-05
2789;Sudeste;MG;Paiva;31;314660.0;31013.0;BARBACENA;2021-02-25;8;1529.0;26;0;2;0;0.0;0.00026;2e-05
2790;Sudeste;MG;Palma;31;314670.0;31044.0;LEOPOLDINA / CATAGUASES;2021-02-25;8;6616.0;135;0;7;1;0.0;0.00135;7e-05
2791;Sudeste;MG;Palmópolis;31;314675.0;31094.0;ALMENARA/JACINTO;2021-02-25;8;5507.0;99;0;5;0;0.0;0.00099;5e-05
2792;Sudeste;MG;Papagaios;31;314690.0;31024.0;SETE LAGOAS;2021-02-25;8;15674.0;588;0;1;0;0.0;0.00588;1e-05
2793;Sudeste;MG;Paracatu;31;314700.0;31058.0;UNAI;2021-02-25;8;93158.0;4352;48;56;0;0.0;0.04352;0.00056
2794;Sudeste;MG;Pará de Minas;31;314710.0;31032.0;PARA DE MINAS;2021-02-25;8;93969.0;2162;6;56;2;0.0;0.02162;0.00056
2795;Sudeste;MG;Paraguaçu;31;314720.0;31001.0;ALFENAS / MACHADO;2021-02-25;8;21513.0;667;5;12;0;0.0;0.00667;0.00012
2796;Sudeste;MG;Paraisópolis;31;314730.0;31003.0;ITAJUBA;2021-02-25;8;21083.0;424;3;18;0;0.0;0.00424;0.00018
2797;Sudeste;MG;Paraopeba;31;314740.0;31024.0;SETE LAGOAS;2021-02-25;8;24540.0;1040;2;11;0;0.0;0.0104;0.00011
2798;Sudeste;MG;Passabém;31;314750.0;31021.0;ITABIRA;2021-02-25;8;1649.0;41;0;1;0;0.0;0.00041;1e-05
2799;Sudeste;MG;Passa Quatro;31;314760.0;31008.0;SAO LOURENCO;2021-02-25;8;16344.0;678;1;14;0;0.0;0.00678;0.00014
2800;Sudeste;MG;Passa Tempo;31;314770.0;31088.0;OLIVEIRA/SANTO ANTONIO DO AMPARO;2021-02-25;8;8084.0;235;10;3;1;0.0;0.00235;3e-05
2801;Sudeste;MG;Passa Vinte;31;314780.0;31090.0;LIMA DUARTE;2021-02-25;8;2039.0;47;0;1;0;0.0;0.00047;1e-05
2802;Sudeste;MG;Passos;31;314790.0;31092.0;PASSOS;2021-02-25;8;114679.0;3518;12;73;0;0.0;0.03518;0.00073
2803;Sudeste;MG;Patis;31;314795.0;31049.0;BRASILIA DE MINAS/SAO FRANCISCO;2021-02-25;8;5972.0;100;2;0;0;0.0;0.001;0.0
2804;Sudeste;MG;Patos de Minas;31;314800.0;31057.0;PATOS DE MINAS;2021-02-25;8;152488.0;8853;323;147;10;0.0;0.08853;0.00147
2805;Sudeste;MG;Patrocínio;31;314810.0;31074.0;PATROCINIO / MONTE CARMELO;2021-02-25;8;90757.0;4252;103;75;0;0.0;0.04252;0.00075
2806;Sudeste;MG;Patrocínio do Muriaé;31;314820.0;31045.0;MURIAE;2021-02-25;8;5684.0;148;0;4;0;0.0;0.00148;4e-05
2807;Sudeste;MG;Paula Cândido;31;314830.0;31061.0;VICOSA;2021-02-25;8;9571.0;119;1;0;0;0.0;0.00119;0.0
2808;Sudeste;MG;Paulistas;31;314840.0;31080.0;PECANHA/SAO JOAO EVANGELISTA;2021-02-25;8;4830.0;63;0;0;0;0.0;0.00063;0.0
2809;Sudeste;MG;Pavão;31;314850.0;31062.0;AGUAS FORMOSAS;2021-02-25;8;8450.0;42;0;4;0;0.0;0.00042;4e-05
2810;Sudeste;MG;Peçanha;31;314860.0;31080.0;PECANHA/SAO JOAO EVANGELISTA;2021-02-25;8;17541.0;358;2;5;0;0.0;0.00358;5e-05
2811;Sudeste;MG;Pedra Azul;31;314870.0;31068.0;PEDRA AZUL;2021-02-25;8;24324.0;901;2;22;0;0.0;0.00901;0.00022
2812;Sudeste;MG;Pedra Bonita;31;314875.0;31042.0;CARANGOLA;2021-02-25;8;7097.0;235;0;6;0;0.0;0.00235;6e-05
2813;Sudeste;MG;Pedra do Anta;31;314880.0;31061.0;VICOSA;2021-02-25;8;3052.0;77;0;0;0;0.0;0.00077;0.0
2814;Sudeste;MG;Pedra do Indaiá;31;314890.0;31087.0;LAGOA DA PRATA/STO ANT DO MONTE;2021-02-25;8;3972.0;129;0;6;0;0.0;0.00129;6e-05
2815;Sudeste;MG;Pedra Dourada;31;314900.0;31042.0;CARANGOLA;2021-02-25;8;2504.0;106;0;0;0;0.0;0.00106;0.0
2816;Sudeste;MG;Pedralva;31;314910.0;31003.0;ITAJUBA;2021-02-25;8;11195.0;95;2;3;0;0.0;0.00095;3e-05
2817;Sudeste;MG;Pedras de Maria da Cruz;31;314915.0;31053.0;JANUARIA;2021-02-25;8;12107.0;140;0;2;0;0.0;0.0014;2e-05
2818;Sudeste;MG;Pedrinópolis;31;314920.0;31070.0;ARAXA;2021-02-25;8;3635.0;147;2;2;0;0.0;0.00147;2e-05
2819;Sudeste;MG;Pedro Leopoldo;31;314930.0;31025.0;VESPASIANO;2021-02-25;8;64258.0;2688;21;45;0;1.0;0.02688;0.00045
2820;Sudeste;MG;Pedro Teixeira;31;314940.0;31090.0;LIMA DUARTE;2021-02-25;8;1807.0;23;0;0;0;0.0;0.00023;0.0
2821;Sudeste;MG;Pequeri;31;314950.0;31047.0;SAO JOAO NEPOMUCENO / BICAS;2021-02-25;8;3320.0;92;0;2;0;0.0;0.00092;2e-05
2822;Sudeste;MG;Pequi;31;314960.0;31024.0;SETE LAGOAS;2021-02-25;8;4406.0;143;1;2;1;0.0;0.00143;2e-05
2823;Sudeste;MG;Perdigão;31;314970.0;31086.0;DIVINOPOLIS;2021-02-25;8;11506.0;306;0;7;0;0.0;0.00306;7e-05
2824;Sudeste;MG;Perdizes;31;314980.0;31070.0;ARAXA;2021-02-25;8;16168.0;639;10;5;0;0.0;0.00639;5e-05
2825;Sudeste;MG;Perdões;31;314990.0;31004.0;LAVRAS;2021-02-25;8;21390.0;622;16;5;0;0.0;0.00622;5e-05
2826;Sudeste;MG;Periquito;31;314995.0;31037.0;IPATINGA;2021-02-25;8;6810.0;335;2;15;0;0.0;0.00335;0.00015
2827;Sudeste;MG;Pescador;31;315000.0;31096.0;ITAMBACURI;2021-02-25;8;4252.0;173;7;3;0;0.0;0.00173;3e-05
2828;Sudeste;MG;Piau;31;315010.0;31097.0;JUIZ DE FORA;2021-02-25;8;2748.0;54;0;3;0;0.0;0.00054;3e-05
2829;Sudeste;MG;Piedade de Caratinga;31;315015.0;31034.0;CARATINGA;2021-02-25;8;8566.0;203;1;10;0;0.0;0.00203;0.0001
2830;Sudeste;MG;Piedade de Ponte Nova;31;315020.0;31060.0;PONTE NOVA;2021-02-25;8;4140.0;125;0;5;0;0.0;0.00125;5e-05
2831;Sudeste;MG;Piedade do Rio Grande;31;315030.0;31015.0;SAO JOAO DEL REI;2021-02-25;8;4497.0;54;0;5;0;0.0;0.00054;5e-05
2832;Sudeste;MG;Piedade dos Gerais;31;315040.0;31017.0;BETIM;2021-02-25;8;4982.0;83;0;4;0;0.0;0.00083;4e-05
2833;Sudeste;MG;Pimenta;31;315050.0;31093.0;PIUMHI;2021-02-25;8;8660.0;210;3;3;0;0.0;0.0021;3e-05
2834;Sudeste;MG;Pingo d'Água;31;315053.0;31035.0;CORONEL FABRICIANO/TIMOTEO;2021-02-25;8;4941.0;111;0;5;0;0.0;0.00111;5e-05
2835;Sudeste;MG;Pintópolis;31;315057.0;31049.0;BRASILIA DE MINAS/SAO FRANCISCO;2021-02-25;8;7507.0;34;0;1;0;0.0;0.00034;1e-05
2836;Sudeste;MG;Piracema;31;315060.0;31031.0;ITAUNA;2021-02-25;8;6409.0;117;0;4;0;0.0;0.00117;4e-05
2837;Sudeste;MG;Pirajuba;31;315070.0;31071.0;FRUTAL / ITURAMA;2021-02-25;8;6199.0;214;2;3;0;0.0;0.00214;3e-05
2838;Sudeste;MG;Piranga;31;315080.0;31079.0;CONSELHEIRO LAFAIETE;2021-02-25;8;17626.0;188;0;15;0;0.0;0.00188;0.00015
2839;Sudeste;MG;Piranguçu;31;315090.0;31003.0;ITAJUBA;2021-02-25;8;5472.0;106;3;4;0;0.0;0.00106;4e-05
2840;Sudeste;MG;Piranguinho;31;315100.0;31003.0;ITAJUBA;2021-02-25;8;8596.0;322;3;8;0;0.0;0.00322;8e-05
2841;Sudeste;MG;Pirapetinga;31;315110.0;31041.0;ALEM  PARAIBA;2021-02-25;8;10752.0;1230;6;8;0;0.0;0.0123;8e-05
2842;Sudeste;MG;Pirapora;31;315120.0;31055.0;PIRAPORA;2021-02-25;8;56428.0;2511;36;27;0;0.0;0.02511;0.00027
2843;Sudeste;MG;Piraúba;31;315130.0;31048.0;UBA;2021-02-25;8;10787.0;482;6;7;0;0.0;0.00482;7e-05
2844;Sudeste;MG;Pitangui;31;315140.0;31032.0;PARA DE MINAS;2021-02-25;8;27989.0;724;0;15;0;0.0;0.00724;0.00015
2845;Sudeste;MG;Piumhi;31;315150.0;31093.0;PIUMHI;2021-02-25;8;34691.0;1518;6;33;0;0.0;0.01518;0.00033
2846;Sudeste;MG;Planura;31;315160.0;31071.0;FRUTAL / ITURAMA;2021-02-25;8;12133.0;533;8;7;0;0.0;0.00533;7e-05
2847;Sudeste;MG;Poço Fundo;31;315170.0;31001.0;ALFENAS / MACHADO;2021-02-25;8;16791.0;305;0;5;0;0.0;0.00305;5e-05
2848;Sudeste;MG;Poços de Caldas;31;315180.0;31006.0;POCOS DE CALDAS;2021-02-25;8;167397.0;4611;39;129;5;0.0;0.04611;0.00129
2849;Sudeste;MG;Pocrane;31;315190.0;31059.0;MANHUACU;2021-02-25;8;8432.0;226;0;6;0;0.0;0.00226;6e-05
2850;Sudeste;MG;Pompéu;31;315200.0;31024.0;SETE LAGOAS;2021-02-25;8;31812.0;1247;5;15;0;0.0;0.01247;0.00015
2851;Sudeste;MG;Ponte Nova;31;315210.0;31060.0;PONTE NOVA;2021-02-25;8;59742.0;3092;26;61;0;0.0;0.03092;0.00061
2852;Sudeste;MG;Ponto Chique;31;315213.0;31055.0;PIRAPORA;2021-02-25;8;4261.0;66;0;0;0;0.0;0.00066;0.0
2853;Sudeste;MG;Ponto dos Volantes;31;315217.0;31065.0;ITAOBIM;2021-02-25;8;12121.0;230;0;9;1;0.0;0.0023;9e-05
2854;Sudeste;MG;Porteirinha;31;315220.0;31052.0;JANAUBA/MONTE AZUL;2021-02-25;8;37906.0;1145;27;27;0;0.0;0.01145;0.00027
2855;Sudeste;MG;Porto Firme;31;315230.0;31061.0;VICOSA;2021-02-25;8;11279.0;320;4;7;0;0.0;0.0032;7e-05
2856;Sudeste;MG;Poté;31;315240.0;31099.0;TEOFILO OTONI / MALACACHETA;2021-02-25;8;16555.0;437;0;6;0;0.0;0.00437;6e-05
2857;Sudeste;MG;Pouso Alegre;31;315250.0;31007.0;POUSO ALEGRE;2021-02-25;8;150737.0;6778;140;99;0;0.0;0.06778;0.00099
2858;Sudeste;MG;Pouso Alto;31;315260.0;31008.0;SAO LOURENCO;2021-02-25;8;5940.0;327;2;5;0;0.0;0.00327;5e-05
2859;Sudeste;MG;Prados;31;315270.0;31015.0;SAO JOAO DEL REI;2021-02-25;8;9031.0;169;1;6;0;0.0;0.00169;6e-05
2860;Sudeste;MG;Prata;31;315280.0;31075.0;UBERLANDIA / ARAGUARI;2021-02-25;8;27856.0;1016;33;32;0;0.0;0.01016;0.00032
2861;Sudeste;MG;Pratápolis;31;315290.0;31009.0;SAO SEBASTIAO DO PARAISO;2021-02-25;8;8603.0;289;2;12;1;0.0;0.00289;0.00012
2862;Sudeste;MG;Pratinha;31;315300.0;31070.0;ARAXA;2021-02-25;8;3603.0;113;0;1;0;0.0;0.00113;1e-05
2863;Sudeste;MG;Presidente Bernardes;31;315310.0;31048.0;UBA;2021-02-25;8;5369.0;63;0;3;0;0.0;0.00063;3e-05
2864;Sudeste;MG;Presidente Juscelino;31;315320.0;31019.0;CURVELO;2021-02-25;8;3641.0;61;0;2;0;0.0;0.00061;2e-05
2865;Sudeste;MG;Presidente Kubitschek;31;315330.0;31026.0;DIAMANTINA;2021-02-25;8;3002.0;45;0;1;0;0.0;0.00045;1e-05
2866;Sudeste;MG;Presidente Olegário;31;315340.0;31057.0;PATOS DE MINAS;2021-02-25;8;19573.0;376;14;8;1;0.0;0.00376;8e-05
2867;Sudeste;MG;Alto Jequitibá;31;315350.0;31059.0;MANHUACU;2021-02-25;8;8317.0;415;5;9;0;0.0;0.00415;9e-05
2868;Sudeste;MG;Prudente de Morais;31;315360.0;31024.0;SETE LAGOAS;2021-02-25;8;10733.0;214;0;2;0;0.0;0.00214;2e-05
2869;Sudeste;MG;Quartel Geral;31;315370.0;31024.0;SETE LAGOAS;2021-02-25;8;3563.0;70;0;0;0;0.0;0.0007;0.0
2870;Sudeste;MG;Queluzito;31;315380.0;31079.0;CONSELHEIRO LAFAIETE;2021-02-25;8;1939.0;51;0;4;0;0.0;0.00051;4e-05
2871;Sudeste;MG;Raposos;31;315390.0;31016.0;BELO HORIZONTE/ NOVA LIMA/ CAETE ;2021-02-25;8;16354.0;1228;0;13;0;1.0;0.01228;0.00013
2872;Sudeste;MG;Raul Soares;31;315400.0;31060.0;PONTE NOVA;2021-02-25;8;23762.0;813;14;14;0;0.0;0.00813;0.00014
2873;Sudeste;MG;Recreio;31;315410.0;31044.0;LEOPOLDINA / CATAGUASES;2021-02-25;8;10517.0;244;2;8;0;0.0;0.00244;8e-05
2874;Sudeste;MG;Reduto;31;315415.0;31059.0;MANHUACU;2021-02-25;8;7154.0;260;0;4;0;0.0;0.0026;4e-05
2875;Sudeste;MG;Resende Costa;31;315420.0;31015.0;SAO JOAO DEL REI;2021-02-25;8;11500.0;193;0;3;0;0.0;0.00193;3e-05
2876;Sudeste;MG;Resplendor;31;315430.0;31040.0;RESPLENDOR;2021-02-25;8;17397.0;1148;0;19;0;0.0;0.01148;0.00019
2877;Sudeste;MG;Ressaquinha;31;315440.0;31013.0;BARBACENA;2021-02-25;8;4808.0;50;0;0;0;0.0;0.0005;0.0
2878;Sudeste;MG;Riachinho;31;315445.0;31058.0;UNAI;2021-02-25;8;8136.0;188;3;2;0;0.0;0.00188;2e-05
2879;Sudeste;MG;Riacho dos Machados;31;315450.0;31052.0;JANAUBA/MONTE AZUL;2021-02-25;8;9481.0;178;17;2;0;0.0;0.00178;2e-05
2880;Sudeste;MG;Ribeirão das Neves;31;315460.0;31016.0;BELO HORIZONTE/ NOVA LIMA/ CAETE ;2021-02-25;8;334858.0;8494;51;253;2;1.0;0.08494;0.00253
2881;Sudeste;MG;Ribeirão Vermelho;31;315470.0;31004.0;LAVRAS;2021-02-25;8;4033.0;50;0;0;0;0.0;0.0005;0.0
2882;Sudeste;MG;Rio Acima;31;315480.0;31016.0;BELO HORIZONTE/ NOVA LIMA/ CAETE ;2021-02-25;8;10312.0;567;1;14;0;1.0;0.00567;0.00014
2883;Sudeste;MG;Rio Casca;31;315490.0;31060.0;PONTE NOVA;2021-02-25;8;13564.0;380;3;6;0;0.0;0.0038;6e-05
2884;Sudeste;MG;Rio Doce;31;315500.0;31060.0;PONTE NOVA;2021-02-25;8;2610.0;134;0;1;0;0.0;0.00134;1e-05
2885;Sudeste;MG;Rio do Prado;31;315510.0;31094.0;ALMENARA/JACINTO;2021-02-25;8;5150.0;161;1;2;0;0.0;0.00161;2e-05
2886;Sudeste;MG;Rio Espera;31;315520.0;31079.0;CONSELHEIRO LAFAIETE;2021-02-25;8;5474.0;42;0;2;0;0.0;0.00042;2e-05
2887;Sudeste;MG;Rio Manso;31;315530.0;31017.0;BETIM;2021-02-25;8;5832.0;187;0;7;0;1.0;0.00187;7e-05
2888;Sudeste;MG;Rio Novo;31;315540.0;31097.0;JUIZ DE FORA;2021-02-25;8;8949.0;195;1;9;0;0.0;0.00195;9e-05
2889;Sudeste;MG;Rio Paranaíba;31;315550.0;31082.0;SAO GOTARDO;2021-02-25;8;12313.0;1051;12;14;0;0.0;0.01051;0.00014
2890;Sudeste;MG;Rio Pardo de Minas;31;315560.0;31085.0;TAIOBEIRAS;2021-02-25;8;30914.0;433;12;3;0;0.0;0.00433;3e-05
2891;Sudeste;MG;Rio Piracicaba;31;315570.0;31023.0;JOAO MONLEVADE;2021-02-25;8;14339.0;840;0;10;0;0.0;0.0084;0.0001
2892;Sudeste;MG;Rio Pomba;31;315580.0;31048.0;UBA;2021-02-25;8;17910.0;809;4;11;0;0.0;0.00809;0.00011
2893;Sudeste;MG;Rio Preto;31;315590.0;31090.0;LIMA DUARTE;2021-02-25;8;5476.0;243;0;1;0;0.0;0.00243;1e-05
2894;Sudeste;MG;Rio Vermelho;31;315600.0;31020.0;GUANHAES;2021-02-25;8;12846.0;59;3;1;0;0.0;0.00059;1e-05
2895;Sudeste;MG;Ritápolis;31;315610.0;31015.0;SAO JOAO DEL REI;2021-02-25;8;4604.0;113;0;6;0;0.0;0.00113;6e-05
2896;Sudeste;MG;Rochedo de Minas;31;315620.0;31047.0;SAO JOAO NEPOMUCENO / BICAS;2021-02-25;8;2305.0;154;0;2;0;0.0;0.00154;2e-05
2897;Sudeste;MG;Rodeiro;31;315630.0;31048.0;UBA;2021-02-25;8;8109.0;487;4;7;0;0.0;0.00487;7e-05
2898;Sudeste;MG;Romaria;31;315640.0;31074.0;PATROCINIO / MONTE CARMELO;2021-02-25;8;3533.0;127;0;6;0;0.0;0.00127;6e-05
2899;Sudeste;MG;Rosário da Limeira;31;315645.0;31045.0;MURIAE;2021-02-25;8;4594.0;148;3;1;0;0.0;0.00148;1e-05
2900;Sudeste;MG;Rubelita;31;315650.0;31098.0;SALINAS;2021-02-25;8;5995.0;51;0;1;0;0.0;0.00051;1e-05
2901;Sudeste;MG;Rubim;31;315660.0;31094.0;ALMENARA/JACINTO;2021-02-25;8;10241.0;365;5;8;0;0.0;0.00365;8e-05
2902;Sudeste;MG;Sabará;31;315670.0;31016.0;BELO HORIZONTE/ NOVA LIMA/ CAETE ;2021-02-25;8;136344.0;2959;26;95;0;1.0;0.02959;0.00095
2903;Sudeste;MG;Sabinópolis;31;315680.0;31020.0;GUANHAES;2021-02-25;8;15470.0;189;0;3;0;0.0;0.00189;3e-05
2904;Sudeste;MG;Sacramento;31;315690.0;31072.0;UBERABA;2021-02-25;8;26185.0;1362;15;25;0;0.0;0.01362;0.00025
2905;Sudeste;MG;Salinas;31;315700.0;31098.0;SALINAS;2021-02-25;8;41527.0;1106;0;24;0;0.0;0.01106;0.00024
2906;Sudeste;MG;Salto da Divisa;31;315710.0;31094.0;ALMENARA/JACINTO;2021-02-25;8;7009.0;209;0;5;0;0.0;0.00209;5e-05
2907;Sudeste;MG;Santa Bárbara;31;315720.0;31021.0;ITABIRA;2021-02-25;8;31324.0;1187;0;11;0;0.0;0.01187;0.00011
2908;Sudeste;MG;Santa Bárbara do Leste;31;315725.0;31034.0;CARATINGA;2021-02-25;8;8147.0;305;0;18;1;0.0;0.00305;0.00018
2909;Sudeste;MG;Santa Bárbara do Monte Verde;31;315727.0;31090.0;LIMA DUARTE;2021-02-25;8;3150.0;114;0;3;0;0.0;0.00114;3e-05
2910;Sudeste;MG;Santa Bárbara do Tugúrio;31;315730.0;31013.0;BARBACENA;2021-02-25;8;4430.0;61;0;0;0;0.0;0.00061;0.0
2911;Sudeste;MG;Santa Cruz de Minas;31;315733.0;31015.0;SAO JOAO DEL REI;2021-02-25;8;8604.0;272;0;6;0;0.0;0.00272;6e-05
2912;Sudeste;MG;Santa Cruz de Salinas;31;315737.0;31098.0;SALINAS;2021-02-25;8;4142.0;22;0;2;0;0.0;0.00022;2e-05
2913;Sudeste;MG;Santa Cruz do Escalvado;31;315740.0;31060.0;PONTE NOVA;2021-02-25;8;4758.0;222;0;4;0;0.0;0.00222;4e-05
2914;Sudeste;MG;Santa Efigênia de Minas;31;315750.0;31036.0;GOVERNADOR VALADARES;2021-02-25;8;4409.0;181;1;7;0;0.0;0.00181;7e-05
2915;Sudeste;MG;Santa Fé de Minas;31;315760.0;31055.0;PIRAPORA;2021-02-25;8;3846.0;216;0;2;0;0.0;0.00216;2e-05
2916;Sudeste;MG;Santa Helena de Minas;31;315765.0;31062.0;AGUAS FORMOSAS;2021-02-25;8;6366.0;276;1;4;0;0.0;0.00276;4e-05
2917;Sudeste;MG;Santa Juliana;31;315770.0;31070.0;ARAXA;2021-02-25;8;14003.0;591;0;24;0;0.0;0.00591;0.00024
2918;Sudeste;MG;Santa Luzia;31;315780.0;31016.0;BELO HORIZONTE/ NOVA LIMA/ CAETE ;2021-02-25;8;219134.0;4930;0;171;2;1.0;0.0493;0.00171
2919;Sudeste;MG;Santa Margarida;31;315790.0;31059.0;MANHUACU;2021-02-25;8;16208.0;682;0;17;2;0.0;0.00682;0.00017
2920;Sudeste;MG;Santa Maria de Itabira;31;315800.0;31021.0;ITABIRA;2021-02-25;8;10847.0;411;1;7;1;0.0;0.00411;7e-05
2921;Sudeste;MG;Santa Maria do Salto;31;315810.0;31094.0;ALMENARA/JACINTO;2021-02-25;8;5232.0;44;0;0;0;0.0;0.00044;0.0
2922;Sudeste;MG;Santa Maria do Suaçuí;31;315820.0;31081.0;SANTA MARIA DO SUACUI;2021-02-25;8;14615.0;643;0;12;0;0.0;0.00643;0.00012
2923;Sudeste;MG;Santana da Vargem;31;315830.0;31011.0;TRES PONTAS;2021-02-25;8;7100.0;124;0;3;0;0.0;0.00124;3e-05
2924;Sudeste;MG;Santana de Cataguases;31;315840.0;31044.0;LEOPOLDINA / CATAGUASES;2021-02-25;8;3872.0;291;1;0;0;0.0;0.00291;0.0
2925;Sudeste;MG;Santana de Pirapama;31;315850.0;31024.0;SETE LAGOAS;2021-02-25;8;7642.0;258;4;3;0;0.0;0.00258;3e-05
2926;Sudeste;MG;Santana do Deserto;31;315860.0;31097.0;JUIZ DE FORA;2021-02-25;8;3976.0;184;0;2;0;0.0;0.00184;2e-05
2927;Sudeste;MG;Santana do Garambéu;31;315870.0;31013.0;BARBACENA;2021-02-25;8;2458.0;20;0;2;0;0.0;0.0002;2e-05
2928;Sudeste;MG;Santana do Jacaré;31;315880.0;31089.0;CAMPO BELO;2021-02-25;8;4821.0;66;0;6;0;0.0;0.00066;6e-05
2929;Sudeste;MG;Santana do Manhuaçu;31;315890.0;31059.0;MANHUACU;2021-02-25;8;8674.0;411;9;2;0;0.0;0.00411;2e-05
2930;Sudeste;MG;Santana do Paraíso;31;315895.0;31037.0;IPATINGA;2021-02-25;8;34663.0;3892;39;64;0;0.0;0.03892;0.00064
2931;Sudeste;MG;Santana do Riacho;31;315900.0;31025.0;VESPASIANO;2021-02-25;8;4295.0;99;0;2;1;0.0;0.00099;2e-05
2932;Sudeste;MG;Santana dos Montes;31;315910.0;31079.0;CONSELHEIRO LAFAIETE;2021-02-25;8;3777.0;24;1;0;0;0.0;0.00024;0.0
2933;Sudeste;MG;Santa Rita de Caldas;31;315920.0;31006.0;POCOS DE CALDAS;2021-02-25;8;8949.0;327;3;10;0;0.0;0.00327;0.0001
2934;Sudeste;MG;Santa Rita de Jacutinga;31;315930.0;31090.0;LIMA DUARTE;2021-02-25;8;4884.0;119;0;1;0;0.0;0.00119;1e-05
2935;Sudeste;MG;Santa Rita de Minas;31;315935.0;31034.0;CARATINGA;2021-02-25;8;7212.0;622;0;10;0;0.0;0.00622;0.0001
2936;Sudeste;MG;Santa Rita de Ibitipoca;31;315940.0;31013.0;BARBACENA;2021-02-25;8;3425.0;20;0;0;0;0.0;0.0002;0.0
2937;Sudeste;MG;Santa Rita do Itueto;31;315950.0;31040.0;RESPLENDOR;2021-02-25;8;5489.0;683;0;4;0;0.0;0.00683;4e-05
2938;Sudeste;MG;Santa Rita do Sapucaí;31;315960.0;31007.0;POUSO ALEGRE;2021-02-25;8;43260.0;1273;8;28;0;0.0;0.01273;0.00028
2939;Sudeste;MG;Santa Rosa da Serra;31;315970.0;31082.0;SAO GOTARDO;2021-02-25;8;3350.0;56;0;0;0;0.0;0.00056;0.0
2940;Sudeste;MG;Santa Vitória;31;315980.0;31073.0;ITUIUTABA;2021-02-25;8;19742.0;798;12;4;0;0.0;0.00798;4e-05
2941;Sudeste;MG;Santo Antônio do Amparo;31;315990.0;31088.0;OLIVEIRA/SANTO ANTONIO DO AMPARO;2021-02-25;8;18525.0;264;0;6;0;0.0;0.00264;6e-05
2942;Sudeste;MG;Santo Antônio do Aventureiro;31;316000.0;31041.0;ALEM  PARAIBA;2021-02-25;8;3602.0;123;0;8;0;0.0;0.00123;8e-05
2943;Sudeste;MG;Santo Antônio do Grama;31;316010.0;31060.0;PONTE NOVA;2021-02-25;8;3911.0;85;0;3;0;0.0;0.00085;3e-05
2944;Sudeste;MG;Santo Antônio do Itambé;31;316020.0;31095.0;SERRO;2021-02-25;8;3838.0;53;0;1;0;0.0;0.00053;1e-05
2945;Sudeste;MG;Santo Antônio do Jacinto;31;316030.0;31094.0;ALMENARA/JACINTO;2021-02-25;8;11640.0;631;0;14;0;0.0;0.00631;0.00014
2946;Sudeste;MG;Santo Antônio do Monte;31;316040.0;31087.0;LAGOA DA PRATA/STO ANT DO MONTE;2021-02-25;8;28243.0;1250;2;20;0;0.0;0.0125;0.0002
2947;Sudeste;MG;Santo Antônio do Retiro;31;316045.0;31085.0;TAIOBEIRAS;2021-02-25;8;7277.0;85;0;1;0;0.0;0.00085;1e-05
2948;Sudeste;MG;Santo Antônio do Rio Abaixo;31;316050.0;31021.0;ITABIRA;2021-02-25;8;1765.0;48;0;1;0;0.0;0.00048;1e-05
2949;Sudeste;MG;Santo Hipólito;31;316060.0;31019.0;CURVELO;2021-02-25;8;3087.0;42;0;1;0;0.0;0.00042;1e-05
2950;Sudeste;MG;Santos Dumont;31;316070.0;31046.0;SANTOS DUMONT;2021-02-25;8;46487.0;1315;1;33;0;0.0;0.01315;0.00033
2951;Sudeste;MG;São Bento Abade;31;316080.0;31010.0;TRES CORACOES;2021-02-25;8;5286.0;24;0;1;0;0.0;0.00024;1e-05
2952;Sudeste;MG;São Brás do Suaçuí;31;316090.0;31078.0;CONGONHAS;2021-02-25;8;3738.0;104;0;1;0;0.0;0.00104;1e-05
2953;Sudeste;MG;São Domingos das Dores;31;316095.0;31034.0;CARATINGA;2021-02-25;8;5644.0;145;0;3;0;0.0;0.00145;3e-05
2954;Sudeste;MG;São Domingos do Prata;31;316100.0;31023.0;JOAO MONLEVADE;2021-02-25;8;17359.0;351;1;7;0;0.0;0.00351;7e-05
2955;Sudeste;MG;São Félix de Minas;31;316105.0;31038.0;MANTENA;2021-02-25;8;3369.0;100;0;1;0;0.0;0.001;1e-05
2956;Sudeste;MG;São Francisco;31;316110.0;31049.0;BRASILIA DE MINAS/SAO FRANCISCO;2021-02-25;8;56323.0;645;0;20;1;0.0;0.00645;0.0002
2957;Sudeste;MG;São Francisco de Paula;31;316120.0;31088.0;OLIVEIRA/SANTO ANTONIO DO AMPARO;2021-02-25;8;6527.0;137;0;1;0;0.0;0.00137;1e-05
2958;Sudeste;MG;São Francisco de Sales;31;316130.0;31071.0;FRUTAL / ITURAMA;2021-02-25;8;6238.0;188;1;6;0;0.0;0.00188;6e-05
2959;Sudeste;MG;São Francisco do Glória;31;316140.0;31045.0;MURIAE;2021-02-25;8;4844.0;189;0;3;0;0.0;0.00189;3e-05
2960;Sudeste;MG;São Geraldo;31;316150.0;31048.0;UBA;2021-02-25;8;12366.0;501;0;12;0;0.0;0.00501;0.00012
2961;Sudeste;MG;São Geraldo da Piedade;31;316160.0;31036.0;GOVERNADOR VALADARES;2021-02-25;8;3962.0;130;0;8;0;0.0;0.0013;8e-05
2962;Sudeste;MG;São Geraldo do Baixio;31;316165.0;31036.0;GOVERNADOR VALADARES;2021-02-25;8;4012.0;81;0;4;0;0.0;0.00081;4e-05
2963;Sudeste;MG;São Gonçalo do Abaeté;31;316170.0;31057.0;PATOS DE MINAS;2021-02-25;8;8389.0;131;3;4;0;0.0;0.00131;4e-05
2964;Sudeste;MG;São Gonçalo do Pará;31;316180.0;31086.0;DIVINOPOLIS;2021-02-25;8;12411.0;212;0;8;0;0.0;0.00212;8e-05
2965;Sudeste;MG;São Gonçalo do Rio Abaixo;31;316190.0;31021.0;ITABIRA;2021-02-25;8;10920.0;677;1;8;0;0.0;0.00677;8e-05
2966;Sudeste;MG;São Gonçalo do Sapucaí;31;316200.0;31012.0;VARGINHA;2021-02-25;8;25449.0;430;4;8;0;0.0;0.0043;8e-05
2967;Sudeste;MG;São Gotardo;31;316210.0;31082.0;SAO GOTARDO;2021-02-25;8;35469.0;2058;4;44;0;0.0;0.02058;0.00044
2968;Sudeste;MG;São João Batista do Glória;31;316220.0;31092.0;PASSOS;2021-02-25;8;7453.0;516;3;10;0;0.0;0.00516;0.0001
2969;Sudeste;MG;São João da Lagoa;31;316225.0;31050.0;CORACAO DE JESUS;2021-02-25;8;4915.0;52;0;1;0;0.0;0.00052;1e-05
2970;Sudeste;MG;São João da Mata;31;316230.0;31007.0;POUSO ALEGRE;2021-02-25;8;2749.0;81;1;1;0;0.0;0.00081;1e-05
2971;Sudeste;MG;São João da Ponte;31;316240.0;31049.0;BRASILIA DE MINAS/SAO FRANCISCO;2021-02-25;8;25165.0;345;0;14;0;0.0;0.00345;0.00014
2972;Sudeste;MG;São João das Missões;31;316245.0;31076.0;MANGA;2021-02-25;8;13014.0;186;7;1;0;0.0;0.00186;1e-05
2973;Sudeste;MG;São João del Rei;31;316250.0;31015.0;SAO JOAO DEL REI;2021-02-25;8;90082.0;3146;22;51;0;0.0;0.03146;0.00051
2974;Sudeste;MG;São João do Manhuaçu;31;316255.0;31059.0;MANHUACU;2021-02-25;8;11559.0;495;0;18;0;0.0;0.00495;0.00018
2975;Sudeste;MG;São João do Manteninha;31;316257.0;31038.0;MANTENA;2021-02-25;8;5859.0;312;5;4;0;0.0;0.00312;4e-05
2976;Sudeste;MG;São João do Oriente;31;316260.0;31037.0;IPATINGA;2021-02-25;8;7498.0;508;0;15;0;0.0;0.00508;0.00015
2977;Sudeste;MG;São João do Pacuí;31;316265.0;31050.0;CORACAO DE JESUS;2021-02-25;8;4419.0;7;0;0;0;0.0;7e-05;0.0
2978;Sudeste;MG;São João do Paraíso;31;316270.0;31085.0;TAIOBEIRAS;2021-02-25;8;23618.0;970;29;15;0;0.0;0.0097;0.00015
2979;Sudeste;MG;São João Evangelista;31;316280.0;31080.0;PECANHA/SAO JOAO EVANGELISTA;2021-02-25;8;15774.0;422;0;4;0;0.0;0.00422;4e-05
2980;Sudeste;MG;São João Nepomuceno;31;316290.0;31047.0;SAO JOAO NEPOMUCENO / BICAS;2021-02-25;8;26361.0;1261;6;16;0;0.0;0.01261;0.00016
2981;Sudeste;MG;São Joaquim de Bicas;31;316292.0;31017.0;BETIM;2021-02-25;8;31578.0;878;0;47;1;1.0;0.00878;0.00047
2982;Sudeste;MG;São José da Barra;31;316294.0;31092.0;PASSOS;2021-02-25;8;7426.0;193;2;3;0;0.0;0.00193;3e-05
2983;Sudeste;MG;São José da Lapa;31;316295.0;31025.0;VESPASIANO;2021-02-25;8;23766.0;1105;2;16;0;1.0;0.01105;0.00016
2984;Sudeste;MG;São José da Safira;31;316300.0;31036.0;GOVERNADOR VALADARES;2021-02-25;8;4268.0;212;0;4;0;0.0;0.00212;4e-05
2985;Sudeste;MG;São José da Varginha;31;316310.0;31032.0;PARA DE MINAS;2021-02-25;8;5004.0;72;2;0;0;0.0;0.00072;0.0
2986;Sudeste;MG;São José do Alegre;31;316320.0;31003.0;ITAJUBA;2021-02-25;8;4196.0;57;0;2;0;0.0;0.00057;2e-05
2987;Sudeste;MG;São José do Divino;31;316330.0;31096.0;ITAMBACURI;2021-02-25;8;3860.0;100;0;3;0;0.0;0.001;3e-05
2988;Sudeste;MG;São José do Goiabal;31;316340.0;31060.0;PONTE NOVA;2021-02-25;8;5420.0;195;1;4;0;0.0;0.00195;4e-05
2989;Sudeste;MG;São José do Jacuri;31;316350.0;31080.0;PECANHA/SAO JOAO EVANGELISTA;2021-02-25;8;6453.0;146;1;1;0;0.0;0.00146;1e-05
2990;Sudeste;MG;São José do Mantimento;31;316360.0;31059.0;MANHUACU;2021-02-25;8;2791.0;141;0;2;0;0.0;0.00141;2e-05
2991;Sudeste;MG;São Lourenço;31;316370.0;31008.0;SAO LOURENCO;2021-02-25;8;45851.0;2336;11;31;0;0.0;0.02336;0.00031
2992;Sudeste;MG;São Miguel do Anta;31;316380.0;31061.0;VICOSA;2021-02-25;8;6938.0;120;0;2;0;0.0;0.0012;2e-05
2993;Sudeste;MG;São Pedro da União;31;316390.0;31002.0;GUAXUPE;2021-02-25;8;4659.0;131;0;0;0;0.0;0.00131;0.0
2994;Sudeste;MG;São Pedro dos Ferros;31;316400.0;31060.0;PONTE NOVA;2021-02-25;8;7781.0;175;1;4;0;0.0;0.00175;4e-05
2995;Sudeste;MG;São Pedro do Suaçuí;31;316410.0;31080.0;PECANHA/SAO JOAO EVANGELISTA;2021-02-25;8;5246.0;130;0;1;0;0.0;0.0013;1e-05
2996;Sudeste;MG;São Romão;31;316420.0;31049.0;BRASILIA DE MINAS/SAO FRANCISCO;2021-02-25;8;12337.0;110;4;3;0;0.0;0.0011;3e-05
2997;Sudeste;MG;São Roque de Minas;31;316430.0;31093.0;PIUMHI;2021-02-25;8;7051.0;84;3;0;0;0.0;0.00084;0.0
2998;Sudeste;MG;São Sebastião da Bela Vista;31;316440.0;31007.0;POUSO ALEGRE;2021-02-25;8;5504.0;178;2;5;0;0.0;0.00178;5e-05
2999;Sudeste;MG;São Sebastião da Vargem Alegre;31;316443.0;31045.0;MURIAE;2021-02-25;8;3007.0;205;0;1;0;0.0;0.00205;1e-05
3000;Sudeste;MG;São Sebastião do Anta;31;316447.0;31034.0;CARATINGA;2021-02-25;8;6555.0;118;0;5;0;0.0;0.00118;5e-05
3001;Sudeste;MG;São Sebastião do Maranhão;31;316450.0;31081.0;SANTA MARIA DO SUACUI;2021-02-25;8;10044.0;177;0;0;0;0.0;0.00177;0.0
3002;Sudeste;MG;São Sebastião do Oeste;31;316460.0;31086.0;DIVINOPOLIS;2021-02-25;8;6775.0;153;0;3;0;0.0;0.00153;3e-05
3003;Sudeste;MG;São Sebastião do Paraíso;31;316470.0;31009.0;SAO SEBASTIAO DO PARAISO;2021-02-25;8;70956.0;2804;40;95;0;0.0;0.02804;0.00095
3004;Sudeste;MG;São Sebastião do Rio Preto;31;316480.0;31021.0;ITABIRA;2021-02-25;8;1506.0;50;0;2;0;0.0;0.0005;2e-05
3005;Sudeste;MG;São Sebastião do Rio Verde;31;316490.0;31008.0;SAO LOURENCO;2021-02-25;8;2241.0;92;0;0;0;0.0;0.00092;0.0
3006;Sudeste;MG;São Tiago;31;316500.0;31015.0;SAO JOAO DEL REI;2021-02-25;8;10941.0;151;0;7;0;0.0;0.00151;7e-05
3007;Sudeste;MG;São Tomás de Aquino;31;316510.0;31009.0;SAO SEBASTIAO DO PARAISO;2021-02-25;8;7021.0;183;2;11;0;0.0;0.00183;0.00011
3008;Sudeste;MG;São Tomé das Letras;31;316520.0;31010.0;TRES CORACOES;2021-02-25;8;7089.0;56;0;0;0;0.0;0.00056;0.0
3009;Sudeste;MG;São Vicente de Minas;31;316530.0;31015.0;SAO JOAO DEL REI;2021-02-25;8;7753.0;84;0;2;0;0.0;0.00084;2e-05
3010;Sudeste;MG;Sapucaí-Mirim;31;316540.0;31003.0;ITAJUBA;2021-02-25;8;6930.0;130;0;3;0;0.0;0.0013;3e-05
3011;Sudeste;MG;Sardoá;31;316550.0;31036.0;GOVERNADOR VALADARES;2021-02-25;8;6300.0;187;0;5;0;0.0;0.00187;5e-05
3012;Sudeste;MG;Sarzedo;31;316553.0;31018.0;CONTAGEM;2021-02-25;8;32752.0;938;4;29;0;1.0;0.00938;0.00029
3013;Sudeste;MG;Setubinha;31;316555.0;31099.0;TEOFILO OTONI / MALACACHETA;2021-02-25;8;12258.0;111;1;2;0;0.0;0.00111;2e-05
3014;Sudeste;MG;Sem-Peixe;31;316556.0;31060.0;PONTE NOVA;2021-02-25;8;2633.0;54;0;1;0;0.0;0.00054;1e-05
3015;Sudeste;MG;Senador Amaral;31;316557.0;31007.0;POUSO ALEGRE;2021-02-25;8;5356.0;250;0;5;0;0.0;0.0025;5e-05
3016;Sudeste;MG;Senador Cortes;31;316560.0;31047.0;SAO JOAO NEPOMUCENO / BICAS;2021-02-25;8;2005.0;79;4;1;0;0.0;0.00079;1e-05
3017;Sudeste;MG;Senador Firmino;31;316570.0;31048.0;UBA;2021-02-25;8;7812.0;225;5;5;0;0.0;0.00225;5e-05
3018;Sudeste;MG;Senador José Bento;31;316580.0;31007.0;POUSO ALEGRE;2021-02-25;8;1502.0;83;0;2;0;0.0;0.00083;2e-05
3019;Sudeste;MG;Senador Modestino Gonçalves;31;316590.0;31026.0;DIAMANTINA;2021-02-25;8;4156.0;19;0;2;0;0.0;0.00019;2e-05
3020;Sudeste;MG;Senhora de Oliveira;31;316600.0;31079.0;CONSELHEIRO LAFAIETE;2021-02-25;8;5786.0;47;0;3;0;0.0;0.00047;3e-05
3021;Sudeste;MG;Senhora do Porto;31;316610.0;31020.0;GUANHAES;2021-02-25;8;3523.0;26;0;0;0;0.0;0.00026;0.0
3022;Sudeste;MG;Senhora dos Remédios;31;316620.0;31013.0;BARBACENA;2021-02-25;8;10459.0;125;0;5;0;0.0;0.00125;5e-05
3023;Sudeste;MG;Sericita;31;316630.0;31060.0;PONTE NOVA;2021-02-25;8;7326.0;75;5;0;0;0.0;0.00075;0.0
3024;Sudeste;MG;Seritinga;31;316640.0;31008.0;SAO LOURENCO;2021-02-25;8;1851.0;18;0;0;0;0.0;0.00018;0.0
3025;Sudeste;MG;Serra Azul de Minas;31;316650.0;31095.0;SERRO;2021-02-25;8;4293.0;43;0;0;0;0.0;0.00043;0.0
3026;Sudeste;MG;Serra da Saudade;31;316660.0;31028.0;BOM DESPACHO;2021-02-25;8;781.0;22;0;0;0;0.0;0.00022;0.0
3027;Sudeste;MG;Serra dos Aimorés;31;316670.0;31066.0;NANUQUE;2021-02-25;8;8699.0;363;2;10;0;0.0;0.00363;0.0001
3028;Sudeste;MG;Serra do Salitre;31;316680.0;31057.0;PATOS DE MINAS;2021-02-25;8;11582.0;674;31;15;0;0.0;0.00674;0.00015
3029;Sudeste;MG;Serrania;31;316690.0;31001.0;ALFENAS / MACHADO;2021-02-25;8;7669.0;74;1;3;0;0.0;0.00074;3e-05
3030;Sudeste;MG;Serranópolis de Minas;31;316695.0;31052.0;JANAUBA/MONTE AZUL;2021-02-25;8;4781.0;75;2;0;0;0.0;0.00075;0.0
3031;Sudeste;MG;Serranos;31;316700.0;31008.0;SAO LOURENCO;2021-02-25;8;1963.0;11;2;0;0;0.0;0.00011;0.0
3032;Sudeste;MG;Serro;31;316710.0;31095.0;SERRO;2021-02-25;8;20966.0;449;12;6;0;0.0;0.00449;6e-05
3033;Sudeste;MG;Sete Lagoas;31;316720.0;31024.0;SETE LAGOAS;2021-02-25;8;239639.0;10520;90;85;1;0.0;0.1052;0.00085
3034;Sudeste;MG;Silveirânia;31;316730.0;31048.0;UBA;2021-02-25;8;2261.0;43;0;1;0;0.0;0.00043;1e-05
3035;Sudeste;MG;Silvianópolis;31;316740.0;31007.0;POUSO ALEGRE;2021-02-25;8;6238.0;89;0;6;1;0.0;0.00089;6e-05
3036;Sudeste;MG;Simão Pereira;31;316750.0;31097.0;JUIZ DE FORA;2021-02-25;8;2615.0;103;4;3;0;0.0;0.00103;3e-05
3037;Sudeste;MG;Simonésia;31;316760.0;31059.0;MANHUACU;2021-02-25;8;19633.0;592;1;13;0;0.0;0.00592;0.00013
3038;Sudeste;MG;Sobrália;31;316770.0;31036.0;GOVERNADOR VALADARES;2021-02-25;8;5553.0;128;1;10;1;0.0;0.00128;0.0001
3039;Sudeste;MG;Soledade de Minas;31;316780.0;31008.0;SAO LOURENCO;2021-02-25;8;6151.0;157;0;0;0;0.0;0.00157;0.0
3040;Sudeste;MG;Tabuleiro;31;316790.0;31048.0;UBA;2021-02-25;8;3750.0;85;1;2;0;0.0;0.00085;2e-05
3041;Sudeste;MG;Taiobeiras;31;316800.0;31085.0;TAIOBEIRAS;2021-02-25;8;34132.0;1141;13;10;0;0.0;0.01141;0.0001
3042;Sudeste;MG;Taparuba;31;316805.0;31059.0;MANHUACU;2021-02-25;8;3110.0;175;1;4;0;0.0;0.00175;4e-05
3043;Sudeste;MG;Tapira;31;316810.0;31070.0;ARAXA;2021-02-25;8;4773.0;162;1;1;0;0.0;0.00162;1e-05
3044;Sudeste;MG;Tapiraí;31;316820.0;31030.0;FORMIGA;2021-02-25;8;1875.0;33;0;0;0;0.0;0.00033;0.0
3045;Sudeste;MG;Taquaraçu de Minas;31;316830.0;31016.0;BELO HORIZONTE/ NOVA LIMA/ CAETE ;2021-02-25;8;4077.0;133;0;5;0;1.0;0.00133;5e-05
3046;Sudeste;MG;Tarumirim;31;316840.0;31036.0;GOVERNADOR VALADARES;2021-02-25;8;14326.0;280;0;15;0;0.0;0.0028;0.00015
3047;Sudeste;MG;Teixeiras;31;316850.0;31061.0;VICOSA;2021-02-25;8;11661.0;241;4;4;1;0.0;0.00241;4e-05
3048;Sudeste;MG;Teófilo Otoni;31;316860.0;31099.0;TEOFILO OTONI / MALACACHETA;2021-02-25;8;140592.0;6361;65;148;0;0.0;0.06361;0.00148
3049;Sudeste;MG;Timóteo;31;316870.0;31035.0;CORONEL FABRICIANO/TIMOTEO;2021-02-25;8;89842.0;5998;69;149;0;0.0;0.05998;0.00149
3050;Sudeste;MG;Tiradentes;31;316880.0;31015.0;SAO JOAO DEL REI;2021-02-25;8;7981.0;231;0;3;0;0.0;0.00231;3e-05
3051;Sudeste;MG;Tiros;31;316890.0;31082.0;SAO GOTARDO;2021-02-25;8;6480.0;188;6;4;0;0.0;0.00188;4e-05
3052;Sudeste;MG;Tocantins;31;316900.0;31048.0;UBA;2021-02-25;8;16659.0;993;1;12;0;0.0;0.00993;0.00012
3053;Sudeste;MG;Tocos do Moji;31;316905.0;31007.0;POUSO ALEGRE;2021-02-25;8;4101.0;85;0;1;0;0.0;0.00085;1e-05
3054;Sudeste;MG;Toledo;31;316910.0;31007.0;POUSO ALEGRE;2021-02-25;8;6258.0;210;0;17;0;0.0;0.0021;0.00017
3055;Sudeste;MG;Tombos;31;316920.0;31042.0;CARANGOLA;2021-02-25;8;8022.0;653;-47;8;0;0.0;0.00653;8e-05
3056;Sudeste;MG;Três Corações;31;316930.0;31010.0;TRES CORACOES;2021-02-25;8;79482.0;2827;8;69;1;0.0;0.02827;0.00069
3057;Sudeste;MG;Três Marias;31;316935.0;31019.0;CURVELO;2021-02-25;8;32356.0;909;0;26;0;0.0;0.00909;0.00026
3058;Sudeste;MG;Três Pontas;31;316940.0;31011.0;TRES PONTAS;2021-02-25;8;56746.0;2614;0;44;0;0.0;0.02614;0.00044
3059;Sudeste;MG;Tumiritinga;31;316950.0;31036.0;GOVERNADOR VALADARES;2021-02-25;8;6732.0;185;0;3;0;0.0;0.00185;3e-05
3060;Sudeste;MG;Tupaciguara;31;316960.0;31075.0;UBERLANDIA / ARAGUARI;2021-02-25;8;25327.0;1177;16;22;1;0.0;0.01177;0.00022
3061;Sudeste;MG;Turmalina;31;316970.0;31027.0;TURMALINA/MINAS NOVAS/CAPELINHA;2021-02-25;8;19964.0;495;11;5;0;0.0;0.00495;5e-05
3062;Sudeste;MG;Turvolândia;31;316980.0;31007.0;POUSO ALEGRE;2021-02-25;8;5040.0;31;1;2;0;0.0;0.00031;2e-05
3063;Sudeste;MG;Ubá;31;316990.0;31048.0;UBA;2021-02-25;8;115552.0;5937;0;106;1;0.0;0.05937;0.00106
3064;Sudeste;MG;Ubaí;31;317000.0;31049.0;BRASILIA DE MINAS/SAO FRANCISCO;2021-02-25;8;12533.0;114;0;1;0;0.0;0.00114;1e-05
3065;Sudeste;MG;Ubaporanga;31;317005.0;31034.0;CARATINGA;2021-02-25;8;12471.0;1069;0;30;1;0.0;0.01069;0.0003
3066;Sudeste;MG;Uberaba;31;317010.0;31072.0;UBERABA;2021-02-25;8;333783.0;14963;125;337;8;0.0;0.14963;0.00337
3067;Sudeste;MG;Uberlândia;31;317020.0;31075.0;UBERLANDIA / ARAGUARI;2021-02-25;8;691305.0;66286;529;1009;21;0.0;0.66286;0.01009
3068;Sudeste;MG;Umburatiba;31;317030.0;31062.0;AGUAS FORMOSAS;2021-02-25;8;2611.0;113;6;1;0;0.0;0.00113;1e-05
3069;Sudeste;MG;Unaí;31;317040.0;31058.0;UNAI;2021-02-25;8;84378.0;5066;77;79;0;0.0;0.05066;0.00079
3070;Sudeste;MG;União de Minas;31;317043.0;31071.0;FRUTAL / ITURAMA;2021-02-25;8;4304.0;140;2;2;0;0.0;0.0014;2e-05
3071;Sudeste;MG;Uruana de Minas;31;317047.0;31058.0;UNAI;2021-02-25;8;3264.0;42;0;0;0;0.0;0.00042;0.0
3072;Sudeste;MG;Urucânia;31;317050.0;31060.0;PONTE NOVA;2021-02-25;8;10358.0;579;0;13;0;0.0;0.00579;0.00013
3073;Sudeste;MG;Urucuia;31;317052.0;31049.0;BRASILIA DE MINAS/SAO FRANCISCO;2021-02-25;8;16865.0;98;0;3;0;0.0;0.00098;3e-05
3074;Sudeste;MG;Vargem Alegre;31;317057.0;31034.0;CARATINGA;2021-02-25;8;6480.0;265;0;9;0;0.0;0.00265;9e-05
3075;Sudeste;MG;Vargem Bonita;31;317060.0;31093.0;PIUMHI;2021-02-25;8;2153.0;54;0;1;0;0.0;0.00054;1e-05
3076;Sudeste;MG;Vargem Grande do Rio Pardo;31;317065.0;31085.0;TAIOBEIRAS;2021-02-25;8;5007.0;70;0;0;0;0.0;0.0007;0.0
3077;Sudeste;MG;Varginha;31;317070.0;31012.0;VARGINHA;2021-02-25;8;135558.0;5873;70;109;0;0.0;0.05873;0.00109
3078;Sudeste;MG;Varjão de Minas;31;317075.0;31057.0;PATOS DE MINAS;2021-02-25;8;7036.0;277;8;6;1;0.0;0.00277;6e-05
3079;Sudeste;MG;Várzea da Palma;31;317080.0;31055.0;PIRAPORA;2021-02-25;8;39493.0;1324;6;17;0;0.0;0.01324;0.00017
3080;Sudeste;MG;Varzelândia;31;317090.0;31049.0;BRASILIA DE MINAS/SAO FRANCISCO;2021-02-25;8;19320.0;301;0;8;0;0.0;0.00301;8e-05
3081;Sudeste;MG;Vazante;31;317100.0;31057.0;PATOS DE MINAS;2021-02-25;8;20590.0;1839;12;16;1;0.0;0.01839;0.00016
3082;Sudeste;MG;Verdelândia;31;317103.0;31052.0;JANAUBA/MONTE AZUL;2021-02-25;8;9355.0;146;5;3;0;0.0;0.00146;3e-05
3083;Sudeste;MG;Veredinha;31;317107.0;31027.0;TURMALINA/MINAS NOVAS/CAPELINHA;2021-02-25;8;5720.0;34;0;0;0;0.0;0.00034;0.0
3084;Sudeste;MG;Veríssimo;31;317110.0;31072.0;UBERABA;2021-02-25;8;3999.0;78;6;1;0;0.0;0.00078;1e-05
3085;Sudeste;MG;Vermelho Novo;31;317115.0;31034.0;CARATINGA;2021-02-25;8;4839.0;143;2;3;0;0.0;0.00143;3e-05
3086;Sudeste;MG;Vespasiano;31;317120.0;31025.0;VESPASIANO;2021-02-25;8;127601.0;1388;0;61;0;1.0;0.01388;0.00061
3087;Sudeste;MG;Viçosa;31;317130.0;31061.0;VICOSA;2021-02-25;8;78846.0;3400;34;26;1;0.0;0.034;0.00026
3088;Sudeste;MG;Vieiras;31;317140.0;31045.0;MURIAE;2021-02-25;8;3608.0;198;4;3;0;0.0;0.00198;3e-05
3089;Sudeste;MG;Mathias Lobato;31;317150.0;31036.0;GOVERNADOR VALADARES;2021-02-25;8;3203.0;178;0;4;0;0.0;0.00178;4e-05
3090;Sudeste;MG;Virgem da Lapa;31;317160.0;31064.0;ARACUAI;2021-02-25;8;13752.0;302;7;2;0;0.0;0.00302;2e-05
3091;Sudeste;MG;Virgínia;31;317170.0;31008.0;SAO LOURENCO;2021-02-25;8;8674.0;126;0;1;0;0.0;0.00126;1e-05
3092;Sudeste;MG;Virginópolis;31;317180.0;31020.0;GUANHAES;2021-02-25;8;10510.0;324;2;3;0;0.0;0.00324;3e-05
3093;Sudeste;MG;Virgolândia;31;317190.0;31036.0;GOVERNADOR VALADARES;2021-02-25;8;5380.0;135;0;6;0;0.0;0.00135;6e-05
3094;Sudeste;MG;Visconde do Rio Branco;31;317200.0;31048.0;UBA;2021-02-25;8;42564.0;2094;11;50;0;0.0;0.02094;0.0005
3095;Sudeste;MG;Volta Grande;31;317210.0;31041.0;ALEM  PARAIBA;2021-02-25;8;5252.0;99;0;2;0;0.0;0.00099;2e-05
3096;Sudeste;MG;Wenceslau Braz;31;317220.0;31003.0;ITAJUBA;2021-02-25;8;2552.0;62;0;0;0;0.0;0.00062;0.0
